,Location,phone,address,ip,webisite
0,九份,02-2406-3270(九份遊客中心),新北市瑞芳區基山街、輕便路、汽車路、豎崎路一帶,121.84345/25.109808,https://tour.ntpc.gov.tw/zh-tw/Attraction/Detail?wnd_id=60&id=109990
1,淡水,02-2622-1020,新北市淡水區中正路,121.43895/25.171038,https://tour.ntpc.gov.tw/zh-tw/Attraction/Detail?wnd_id=60&id=109658
2,士林夜市,02-2882-0340,臺北市士林區大東路、大南路、文林路、基河路,121.52440/25.088628,https://www.travel.taipei/zh-tw/attraction/details/1536
3,野柳地質公園,02-24922016(野柳遊客中心),新北市萬里區港東路167-1號,121.68992/25.205290,https://www.northguan-nsa.gov.tw/user/Article.aspx?Lang=1&SNo=04002756
4,旗津,07-799-5678,高雄市旗津區海岸路10號,120.26948/22.614194,http://khh.travel/ScenicListByDistrict.aspx?a=1057&l=1#District_12
5,陽明山國家公園,(02)2861-3601,臺北市北投區陽明山竹子湖路1-20號,121.54774/25.15579,https://www.ymsnp.gov.tw/
6,烏來,02-2661-6355(烏來遊客中心),新北市烏來區瀑布路34號,121.55178/24.848795,https://tour.ntpc.gov.tw/zh-tw/Attraction/Detail?wnd_id=60&id=110625
7,西子灣,07-799-5678(高雄市政府觀光局),高雄市鼓山區蓮海路,120.26385/22.626054,http://khh.travel/Article.aspx?a=6443&l=1
8,國立故宮博物院,(02)2881-2021,臺北市士林區至善路二段221號,121.54987/25.099917,https://www.npm.gov.tw/
9,臺北龍山寺,02-2302-5162,臺北市萬華區廣州街211號,121.50004/25.036846,http://www.lungshan.org.tw
10,蓮池潭,07-799-5678(高雄市政府觀光局),高雄市左營區蓮潭路,120.29538/22.685468,http://khh.travel/Article.aspx?a=6891&l=1
11,饒河街觀光夜市,(02)2763-5733,臺北市松山區饒河街,121.57765/25.050924,https://www.travel.taipei/zh-tw/attraction/details/1538
12,高美濕地,04-2656-5810(高美濕地旅遊網),臺中市清水區大甲溪出海口,120.54981/24.312108,https://travel.taichung.gov.tw/zh-tw/Attractions/Intro/54/
13,田寮月世界,07-6367036,高雄市田寮區月球路36號,120.38899/22.885348,https://khh.travel/Article.aspx?a=6439&l=1
14,日月潭國家風景區-向山遊客中心,(049)285-5668,南投縣魚池鄉中山路599號,120.90216/23.851144,https://www.sunmoonlake.gov.tw/zh-tw/
15,十分風景特定區,02-2495-8409(十分遊客中心),新北市平溪區十分風景特定區,121.78156/25.04459,https://tour.ntpc.gov.tw/zh-tw/Attraction/Detail?wnd_id=60&id=111423
16,勝興車站,037-352-962,苗栗縣三義鄉勝興村14鄰勝興89號,120.78192/24.387525,https://miaolitravel.net/article.aspx?sNo=04004505
17,碧潭風景區,02-2911-2281,新北市新店區新店路,121.53699/24.956896,https://tour.ntpc.gov.tw/zh-tw/Attraction/Detail?wnd_id=60&id=109613
18,新北投溫泉區,02-2720-8889,臺北市北投區光明路、中山路,121.50881/25.137382,https://www.travel.taipei/zh-tw/attraction/details/11
19,基隆市廟口小吃,02-2428-7664(基隆市旅遊服務中心),基隆市仁愛區仁三路,121.74349/25.128196,https://tour.klcg.gov.tw/zh/dining/miaokou/
20,金山,02-2498-8980(金山遊客中心),新北市金山區,121.63905/25.220268,http://www.northguan-nsa.gov.tw/user/Article.aspx?Lang=1&SNo=03000027
21,六合觀光夜市,07-285-6786,高雄市新興區六合二路與中山一路口,120.30185/22.63304,http://khh.travel/Article.aspx?a=6333&l=1
22,奮起湖風景區,05-259-3900,嘉義縣竹崎鄉中和村奮起湖,120.69592/23.504190,https://www.ali-nsa.net/zh-tw/attractions/detail/157
23,福隆海水浴場,02-24992381,新北市貢寮區福隆街40號,121.94461/25.019254,https://www.necoast-nsa.gov.tw/Attraction-Content.aspx?a=193&l=1
24,東部海岸國家風景區-都歷遊客中心,(089)841-520,臺東縣成功鎮信義里新村路25號,121.32776/23.019777,http://www.eastcoast-nsa.gov.tw
25,愛河,07-799-5678,高雄市前金區河東路,120.28996/22.624717,http://khh.travel/Article.aspx?a=6904&l=1
26,墾丁國家公園,(08)886-1321,屏東縣恆春鎮墾丁路596號,120.78010/21.948802,http://www.ktnp.gov.tw
27,太魯閣國家公園-太魯閣遊客中心,(03)862-1100~6,花蓮縣秀林鄉富世村富世291號,121.62161/24.157336,http://www.taroko.gov.tw/
28,拉拉山,03-391-2761(拉拉山遊客中心),桃園市復興區桃116鄉道,121.38397/24.679773,http://travel.tycg.gov.tw/zh-tw/Travel/Attraction/63
29,淡水紅毛城,(02)2623-1001,新北市淡水區中正路28巷1號,121.43288/25.175383,https://www.tshs.ntpc.gov.tw/xmdoc/cont?xsmsid=0G245646489231362861
30,國立中正紀念堂,02-2343-1100,臺北市中正區中山南路21號,121.51927/25.037016,https://www.cksmh.gov.tw/
31,東北角暨宜蘭海岸國家風景區-福隆遊客中心,(02)2499-1210,新北市貢寮區興隆街36號,121.94257/25.017024,https://www.necoast-nsa.gov.tw/
32,集集火車站,049-276-1084,南投縣集集鎮民生路75號,120.78489/23.826451,https://www.sunmoonlake.gov.tw/zh-tw/attractions/detail/46
33,迪化街-年貨大街,02-2720-8889,臺北市大同區迪化街一段,121.51003/25.055198,Oops!
34,澄清湖,(07)370-0821,高雄市鳥松區大埤路32號,120.34993/22.653532,http://khh.travel/Article.aspx?a=6415&l=1
35,和平島公園,02-24635452(和平島遊客中心),基隆市中正區平一路360號,121.76383/25.160790,https://www.hpipark.org/
36,埔里,(049)298-4040,南投縣埔里鎮,120.96468/23.993287,http://www.puli.gov.tw
37,安平古堡,06-226-7348,臺南市安平區國勝路82號,120.16062/23.001509,https://www.twtainan.net/zh-tw/Attractions/Detail/671/
38,明池森林遊樂區,03-989-4106,宜蘭縣大同鄉英士村明池山莊1號,121.47151/24.650911,https://travel.yilan.tw/zh-tw/attraction/details/368
39,鹿港老街,04-778-7753(鹿港北區旅遊服務中心),彰化縣鹿港鎮埔頭街,120.43204/24.057095,http://tourism.chcg.gov.tw/AttractionsContent.aspx?id=152&chk=a85eda86-370a-434e-b612-b04b3dc848ab&param=pn=1&l=CH
40,華西街觀光夜市,02-2388-1818,臺北市萬華區華西街,121.49824/25.036791,https://www.travel.taipei/zh-tw/attraction/details/1535
41,阿里山國家森林遊樂區,05-267-9917,嘉義縣阿里山鄉中正村59號,120.80367/23.511294,https://recreation.forest.gov.tw/Forest/RA?typ=0&typ_id=0500001
42,礁溪溫泉,03-987-2403,宜蘭縣礁溪鄉公園路16號,121.77599/24.831307,Oops!
43,平溪,(02)2495-1510,新北市平溪區平溪街45號,121.73819/25.026689,https://www.pingxi.ntpc.gov.tw/
44,台北101,02-8101-7777,臺北市信義區信義路五段7號,121.56447/25.033963,https://www.taipei-101.com.tw/
45,龍騰斷橋,(037)352-961,苗栗縣三義鄉龍騰村鄉道苗49線,120.77384/24.358435,https://miaolitravel.net/article.aspx?sNo=04004516
46,臺北忠烈祠,(02)2885-4162,臺北市中山區北安路139號,121.53311/25.078384,https://www.travel.taipei/zh-tw/attraction/details/25
47,總統府,(02)2311-3731,臺北市中正區重慶南路一段122號,121.51281/25.039941,https://www.president.gov.tw/
48,小琉球,08-861-4615(琉球管理站暨遊客中心),屏東縣琉球鄉民族路20-1號,120.38120/22.354353,https://www.dbnsa.gov.tw/Scenery-Area.aspx?lang=1&sno=04000029
49,三峽老街,02-2671-1017(三峽區公所),新北市三峽區民權街,121.37029/24.934516,https://tour.ntpc.gov.tw/zh-tw/Attraction/Detail?wnd_id=60&id=109664
50,棲蘭森林遊樂區,(03)980-9606,宜蘭縣大同鄉泰雅路四段6號‎,121.49325/24.579832,https://travel.yilan.tw/zh-tw/attraction/details/369
51,大鵬灣國家風景區-大鵬灣遊客中心,08-833-8100,屏東縣東港鎮大鵬里大潭路169號,120.47880/22.456418,http://www.dbnsa.gov.tw
52,北關海潮公園,(03)978-0727(大里站),宜蘭縣頭城鎮濱海路四段,121.87626/24.910892,https://www.necoast-nsa.gov.tw/Attraction-Content.aspx?a=274&l=1
53,鶯歌,0800-271-181、02-2678-0202(鶯歌區公所),新北市鶯歌區仁愛路55號,121.35434/24.955971,http://tour.ntpc.gov.tw/zh-tw/Attraction/Detail?wnd_id=60&id=110661
54,東埔溫泉,049-222-2106,南投縣信義鄉東埔村開高巷,120.93097/23.561439,http://travel.nantou.gov.tw/detail.aspx?type=scenic&id=322
55,野柳海洋世界,(02)2492-1111,新北市萬里區港東路167-3號,121.69117/25.205308,http://www.oceanworld.com.tw
56,士林官邸,(02)2883-6340,臺北市士林區福林路60號,121.53015/25.094898,https://www.travel.taipei/zh-tw/attraction/details/29
57,石門水庫,03-471-2000,桃園市大溪區復興里環湖路一段68號,121.24743/24.81158,http://travel.tycg.gov.tw/zh-tw/Travel/Attraction/351
58,杉林溪森林生態渡假園區,(049)261-1217,南投縣竹山鎮溪山路6號,120.79221/23.639469,https://www.goto307.com.tw/
59,淡水漁人碼頭,02-2626-7613(淡水捷運站旅遊服務中心),新北市淡水區觀海路,121.41269/25.184404,https://tour.ntpc.gov.tw/zh-tw/Attraction/Detail?wnd_id=60&id=109659
60,壽山國家自然公園,07-262-0610,高雄市鼓山區萬壽路301號,120.27537/22.634262,http://snnp.cpami.gov.tw
61,北海岸及觀音山國家風景區-白沙灣遊客中心,02-8635-5100,新北市石門區德茂里下員坑33-6號,121.51911/25.283198,https://www.northguan-nsa.gov.tw/user/main.aspx?Lang=1
62,九族文化村,(049)289-5361,南投縣魚池鄉大林村金天巷45號,120.94788/23.869105,https://www.nine.com.tw/
63,西門町商圈,02-2720-8889,臺北市萬華區中華路一段,121.50850/25.042713,https://www.travel.taipei/zh-tw/attraction/details/1572
64,太平山國家森林遊樂區,03-980-9806,宜蘭縣大同鄉,121.53454/24.49664,https://recreation.forest.gov.tw/Forest/RA?typ=0&typ_id=0100001
65,田尾公路花園,07-525-0100,高雄市鼓山區蓮海路20號,120.26685/22.618911,http://khh.travel/Article.aspx?a=6842&l=1
66,打狗英國領事館,04-883-2171,彰化縣田尾鄉民族路一段196號,120.53176/23.896006,http://tourism.chcg.gov.tw/AttractionsContent.aspx?id=7&chk=02d9d045-486c-4325-9d3c-a22b2aea5983&param=pn=1&l=CH
67,三義木雕博物館,(037)876-009,苗栗縣三義鄉廣盛村廣聲新城88號,120.76118/24.406005,https://miaolitravel.net/article.aspx?sNo=04004509
68,東勢林場遊樂區,(04)2587-2191,臺中市東勢區勢林街6-1號,120.86774/24.285313,https://www.tsfa.com.tw/
69,延平郡王祠,(06)213-5518,臺南市中西區開山路152號,120.20778/22.987844,https://www.twtainan.net/zh-tw/Attractions/Detail/792/
70,水里蛇窯,049-277-0967,南投縣水里鄉頂崁村頂崁巷41號,120.86440/23.801291,https://www.sunmoonlake.gov.tw/zh-tw/attractions/detail/89
71,四重溪溫泉,08-882-1001,屏東縣車城鄉溫泉路,120.74766/22.093254,https://www.dbnsa.gov.tw/Scenery-Content.aspx?lang=1&sno=04006732
72,八里左岸,02-2960-3456,新北市八里區觀海大道,121.43052/25.160899,https://tour.ntpc.gov.tw/zh-tw/Attraction/Detail?wnd_id=60&id=110130
73,外木山情人湖濱海大道,02-2428-7664(基隆市旅遊服務中心),基隆市中山區湖海路一段,121.72709/25.163325,https://tour.klcg.gov.tw/zh/attractions/coastal/%E6%83%85%E4%BA%BA%E6%B9%96%E6%BF%B1%E6%B5%B7%E5%A4%A7%E9%81%93-%E5%A4%96%E6%9C%A8%E5%B1%B1%E6%BF%B1%E6%B5%B7%E5%A4%A7%E9%81%93/
74,億載金城,06-295-1504,臺南市安平區光州路3號,120.15925/22.987883,https://www.twtainan.net/zh-tw/Attractions/Detail/673/
75,關子嶺溫泉,06-682-3481,臺南市白河區關嶺里,120.50439/23.339651,https://www.siraya-nsa.gov.tw/MainWeb/article.aspx?L=1&SNO=04000653
76,赤崁樓,06-220-5647,臺南市中西區民族路二段212號,120.20254/22.997478,https://www.twtainan.net/zh-tw/Attractions/Detail/674/
77,峨眉湖,03-5809296(獅山遊客中心),新竹縣峨眉鄉鄉道竹43線,120.98473/24.68473,https://www.trimt-nsa.gov.tw/areadetail?id=749
78,阿里山國家風景區-觸口遊客中心,(05)259-3900,嘉義縣番路鄉觸口村車埕51號,120.58525/23.446268,https://www.ali-nsa.net/zh-tw
79,清境農場,(049)280-2774,南投縣仁愛鄉大同村仁和路170號,121.16282/24.058510,https://www.cingjing.gov.tw/
80,關渡宮,(02)2858-1281,臺北市北投區知行路360號,121.46389/25.118118,http://www.kuantu.org.tw
81,龜山島,(02)2499-1115,宜蘭縣頭城鎮海岸以東約10公里處,121.95313/24.84135,https://www.necoast-nsa.gov.tw/Attraction-Content.aspx?a=383&l=1
82,南雅,02-2499-1210(福隆遊客中心),新北市瑞芳區南雅路,121.88689/25.121805,https://www.necoast-nsa.gov.tw/Area-Content.aspx?a=59&l=1
83,五分埔-成衣街,02-2720-8889,臺北市松山區中坡北路,121.58065/25.046508,https://www.travel.taipei/zh-tw/attraction/details/1540
84,碧砂漁港,02-2469-3606,基隆市中正區北寧路,121.78613/25.144325,https://www.northguan-nsa.gov.tw/user/article.aspx?Lang=1&SNo=04005329
85,泰安溫泉,037-941-025,苗栗縣泰安鄉錦水村18號,120.97707/24.47078,https://miaolitravel.net/article.aspx?sNo=04004622
86,知本溫泉,(089)357-131,臺東縣卑南鄉,121.02101/22.69330,https://tour.taitung.gov.tw/zh-tw/attraction/details/284
87,合歡山國家森林遊樂區,049-280-2732,南投縣仁愛鄉,121.28418/24.142411,https://recreation.forest.gov.tw/Forest/RA?typ=0&typ_id=0300004
88,小人國主題樂園,03-471-7211,桃園市龍潭區高原里7鄰高原路 891號,121.18737/24.83161,http://www.woc.com.tw
89,觀霧國家森林遊樂區,03-727-2917,新竹縣五峰鄉,121.11370/24.506133,https://recreation.forest.gov.tw/Forest/RA?typ=0&typ_id=0200004
90,七星潭,(03)822-1592,花蓮縣新城鄉海岸路,121.62955/24.030805,http://tour-hualien.hl.gov.tw/POI/36
91,中正公園,02-2428-7664(基隆市旅遊服務中心),基隆市中正區壽山路,121.75064/25.133297,https://tour.klcg.gov.tw/zh/attractions/parks/%E4%B8%AD%E6%AD%A3%E5%85%AC%E5%9C%92/
92,九曲洞,(03)862-1100~6,花蓮縣秀林鄉,121.53404/24.16867,http://www.taroko.gov.tw/zh-tw/Tourism/AttractionDetail?id=28
93,新竹城隍廟,03-522-3666,新竹市北區中山路75號,120.96566/24.804381,https://www.tourism.hccg.org.tw/hot_detail_8_0
94,南方澳,(03)995-3885(南方澳遊客中心),宜蘭縣蘇澳鎮江夏路85號,121.86486/24.583628,https://www.necoast-nsa.gov.tw/Area-Content.aspx?a=166&l=1
95,臺灣原住民族文化園區,08-799-1219,屏東縣瑪家鄉風景巷104號,120.65077/22.708789,https://www.maolin-nsa.gov.tw/04000089.html
96,大里,(03)978-0727(大里站),宜蘭縣頭城鎮濱海路七段11號,121.92407/24.969428,https://www.necoast-nsa.gov.tw/Area-Content.aspx?a=157&l=1
97,烏來溫泉,02-2661-6355(烏來遊客中心),新北市烏來區烏來街,121.55155/24.863996,https://tour.ntpc.gov.tw/zh-tw/Attraction/Detail?wnd_id=60&id=109666
98,白沙灣,02-86355100,新北市石門區德茂里下員坑,121.5172/25.284321,https://www.northguan-nsa.gov.tw/user/Article.aspx?Lang=1&SNo=04002491
99,大稻埕碼頭,02-2720-8889,臺北市大同區大稻埕碼頭,121.50789/25.056817,https://www.travel.taipei/zh-tw/attraction/details/1
100,花東縱谷國家風景區-鶴岡遊客中心,(03)887-5306,花蓮縣瑞穗鄉鶴岡村17鄰興鶴路二段168號,121.39117/23.52482,http://www.erv-nsa.gov.tw
101,愛河之心,07-236-2710,高雄市三民區博愛一路與同盟一路口,120.30335/22.652126,http://khh.travel/Article.aspx?a=6206&l=1
102,高雄85大樓,07-566-8000,高雄市苓雅區自強三路1號,120.30053/22.611400,Oops!
103,溪頭自然教育園區,(049)261-2111,南投縣鹿谷鄉森林巷9號,120.79725/23.674517,http://www.exfo.ntu.edu.tw/sitou/
104,綠島,(089)672-510,臺東縣綠島鄉南寮村194-1號,121.48275/22.656071,http://www.lyudao.gov.tw/
105,茂林國家風景區-新威遊客中心,07-687-1234,高雄市六龜區新威里新威171號,120.62314/22.890859,http://www.maolin-nsa.gov.tw
106,北埔冷泉,(03)580-2204,新竹縣北埔鄉大坪路,121.07099/24.669785,http://travel.hsinchu.gov.tw/Article/Details/038FF349-8B6C-4E7C-A515-34FC372DF35D?collectionid=5C966875-6089-4749-8A2D-FD055D237FDF
107,中台禪寺,(049)293-0215,南投縣埔里鎮中台路2號,120.94459/24.009088,http://www.ctworld.org.tw
108,八斗子海濱公園 / 望幽谷,02-2428-7664(基隆市旅遊服務中心),基隆市中正區八斗街,121.79962/25.143580,https://tour.klcg.gov.tw/zh/attractions/parks/%E5%85%AB%E6%96%97%E5%AD%90%E5%85%AC%E5%9C%92/
109,臺北市立動物園,(02)2938-2300,臺北市文山區新光路二段30號,121.58106/24.998855,https://www.zoo.gov.taipei/Default.aspx
110,嘉義公園,05-274-4019,嘉義市東區啟明路264號,120.46523/23.483329,https://travel.chiayi.gov.tw/about-content?id=3
111,蘇澳冷泉,(03)996-0645,宜蘭縣蘇澳鎮冷泉路6-4號,121.85071/24.597393,https://www.necoast-nsa.gov.tw/Attraction-Content.aspx?a=292&l=1
112,臺北市藍色公路,02-2720-8889,臺北市大同區大稻埕碼頭,121.50763/25.056741,https://www.riverfun.net/
113,羅東運動公園,(03)954-1216,宜蘭縣羅東鎮公正路666號,121.75664/24.682429,http://travel.yilan.tw/zh-tw/attraction/details/247
114,高雄港,(07)561-2311,高雄市鼓山區臨海二路62號,120.26978/22.624358,https://kh.twport.com.tw/chinese/
115,富岡地質公園(小野柳),089-281136,臺東縣臺東市松江路一段500號,121.19462/22.794342,http://www.eastcoast-nsa.gov.tw/zh-tw/Attractions/Detail/32
116,三仙台,089-854097,臺東縣成功鎮三仙里基翬路74號,121.40635/23.123111,http://www.eastcoast-nsa.gov.tw/zh-tw/Attractions/Detail/41
117,大溪老街,(03)332-2101,桃園市大溪區和平路,121.28818/24.884821,https://travel.tycg.gov.tw/zh-tw/Travel/Attraction/414
118,恆春古城,08-732-0415,屏東縣恆春鎮,120.74478/22.00086,https://www.dbnsa.gov.tw/Scenery-Content.aspx?lang=1&sno=04006735
119,舞鶴觀光茶園,(03)887-5306,花蓮縣瑞穗鄉舞鶴村,121.35383/23.448222,https://www.erv-nsa.gov.tw/zh-tw/attractions/detail/50
120,谷關風景特定區,04-2595-1496,臺中市和平區東關路一段,121.00712/24.203205,https://www.trimt-nsa.gov.tw/areadetail?id=18
121,西湖渡假村,(037)876-699,苗栗縣三義鄉西湖村11號,120.75939/24.390762,http://www.westlake.com.tw
122,瑞里風景區,05-250-1070（瑞太遊客中心）,嘉義縣梅山鄉,120.66375/23.535553,https://www.ali-nsa.net/zh-tw/attractions/list/all/ruili?page=1
123,精明一街,04-2228-9111,臺中市西區精明一街,120.65583/24.156234,https://travel.taichung.gov.tw/zh-tw/Attractions/Intro/24/
124,內灣小鎮,03-593-2001,新竹縣橫山鄉內灣村,121.18097/24.706121,http://travel.hsinchu.gov.tw/HsinChu/ArticleCollectionIndex?colname=%E5%85%A7%E7%81%A3%E7%B7%9A
125,大安森林公園,(02)2700-3830,臺北市大安區新生南路二段1號,121.53555/25.031062,https://www.travel.taipei/zh-tw/attraction/details/190
126,阿里山森林鐵路,05-277-9843,嘉義市西區中山路528號,120.44113/23.479118,https://afrch.forest.gov.tw/
127,國立歷史博物館,(02)2361-0270,臺北市中正區南海路49號,121.51122/25.031454,https://www.nmh.gov.tw/zh/index.htm
128,十三行博物館,(02)2619-1313,新北市八里區博物館路200號,121.40507/25.156841,https://www.sshm.ntpc.gov.tw/
129,雙流國家森林遊樂區,08-870-1393,屏東縣獅子鄉,120.79601/22.21795,https://recreation.forest.gov.tw/Forest/RA?typ=0&typ_id=0600003
130,貓空纜車,02-2181-2345,臺北市文山區新光路二段,121.57717/24.995646,https://www.gondola.taipei/Default.aspx
131,長春祠步道,(03)862-1100~6,花蓮縣秀林鄉,121.60273/24.160495,http://www.taroko.gov.tw/zh-tw/Tourism/TrailDetail?id=47
132,二沙灣砲臺(海門天險),02-2428-7664(基隆市旅遊服務中心),基隆市中正區壽山路,121.75742/25.137668,https://tour.klcg.gov.tw/zh/attractions/forts/%E4%BA%8C%E6%B2%99%E7%81%A3%E7%A0%B2%E5%8F%B0-%E6%B5%B7%E9%96%80%E5%A4%A9%E9%9A%AA/
133,福山植物園,(03)922-8900,宜蘭縣員山鄉湖西村雙埤路福山1號,121.61283/24.752100,https://travel.yilan.tw/zh-tw/attraction/details/360
134,山后民俗文化村,(082)313-100,金門縣金沙鎮山后村,118.44108/24.503404,https://kinmen.travel/zh-tw/travel/attraction/517
135,參山國家風景區-梨山遊客中心,(04)2598-1331,臺中市和平區梨山里中正路91-2號,121.25123/24.254681,https://www.trimt-nsa.gov.tw/
136,美麗華百樂園,02-2175-3456,臺北市中山區敬業三路20號,121.55839/25.08288,http://www.miramar.com.tw
137,逢甲夜市,04-2228-9111,臺中市西屯區文華路,120.64650/24.178846,https://travel.taichung.gov.tw/zh-tw/Attractions/Intro/39/
138,國立自然科學博物館,04-2322-6940,臺中市北區館前路1號,120.66630/24.156164,https://www.nmns.edu.tw/
139,二水,(04)879-8129(二水遊客服務站),彰化縣二水鄉光文路1號,120.61811/23.813150,http://tourism.chcg.gov.tw/Attractions.aspx?pn=1&area=26
140,慈湖,03-388-4437(慈湖遊客中心),桃園市大溪區復興路一段1097號,121.29427/24.840365,http://travel.tycg.gov.tw/zh-tw/Travel/Attraction/383
141,龍洞南口海洋公園(龍洞四季灣),02-24991210(福隆遊客中心),新北市貢寮區和美街48號,121.91722/25.099908,https://www.necoast-nsa.gov.tw/Attraction-Content.aspx?a=187&l=1
142,鼻頭角,02-2499-1210(福隆遊客中心),新北市瑞芳區鼻頭路,121.92163/25.123944,https://www.necoast-nsa.gov.tw/Attraction-Content.aspx?a=183&l=1
143,蘭潭風景區,(05)224-8917,嘉義市東區小雅路,120.47924/23.466438,https://travel.chiayi.gov.tw/travel-content?id=25
144,冬山河親水公園,03-9502097,宜蘭縣五結鄉親河路二段2號,121.81582/24.672990,https://travel.yilan.tw/zh-tw/attraction/details/258
145,草山月世界,06-573-0061,臺南市左鎮區岡林里31號,120.42424/22.987185,https://www.twtainan.net/zh-tw/Attractions/Detail/624/
146,谷關溫泉,04-2595-1496(谷關遊客中心),臺中市和平區東關路一段溫泉巷,121.01079/24.204157,https://www.trimt-nsa.gov.tw/areadetail?id=118
147,祀典武廟,06-220-2390,臺南市中西區永福路二段229號,120.20215/22.996403,https://www.twtainan.net/zh-tw/Attractions/Detail/678/
148,龍洞灣,02-2490-9258(龍洞灣公園),新北市貢寮區龍洞街,121.91615/25.111006,https://www.necoast-nsa.gov.tw/Area-Content.aspx?a=148&l=1
149,墾丁國家森林遊樂區,(08)886-1211,屏東縣恆春鎮公園路201號,120.81243/21.957594,https://recreation.forest.gov.tw/Forest/RA?typ=0&typ_id=0600002
150,阿美族民俗中心,089-841520,臺東縣成功鎮信義里新村路25號,121.32675/23.018579,http://www.eastcoast-nsa.gov.tw/zh-tw/Attractions/Detail/42
151,佛光山,07-656-1921,高雄市大樹區興田里興田路153號,120.44617/22.747435,https://www.fgs.org.tw/
152,國立海洋生物博物館,08-882-5678,屏東縣車城鄉後灣村後灣路2號,120.69747/22.046803,http://www.nmmba.gov.tw
153,澎湖跨海大橋,082-313-100,金門縣金城鎮古城村金門城南磐山南端,118.30598/24.398740,https://kinmen.travel/zh-tw/travel/attraction/404
154,文台寶塔,06-921-6521,澎湖縣白沙鄉通西嶼鄉橋樑,119.55453/23.657823,https://www.penghu-nsa.gov.tw/TravelInformationSceneryDetailC001200.aspx?Cond=bcd530cb-32e6-4b7a-ae23-9c30a6877edd&SortType=1&SearchAdvanced=False&Language=1028
155,香蕉碼頭,07-521-5559,高雄市鼓山區蓬萊路17號,120.27808/22.618767,http://khh.travel/Article.aspx?a=6852&l=1
156,小烏來風景特定區,03-382-1235,桃園市復興區下宇內4-6號,121.37571/24.793247,http://travel.tycg.gov.tw/zh-tw/Travel/Attraction/1011
157,國立臺灣史前文化博物館,(089)381-166,臺東縣臺東市博物館路1號,121.09302/22.76067,http://www.nmp.gov.tw
158,清水斷崖,(03)862-1100~6,花蓮縣新城鄉,121.68997/24.218833,http://www.taroko.gov.tw/zh-tw/Tourism/AttractionDetail?id=12
159,大里天公廟,(03)978-1075,宜蘭縣頭城鎮濱海路七段33號,121.9254/24.969802,https://www.necoast-nsa.gov.tw/Attraction-Content.aspx?a=266&l=1
160,淡水金色水岸,02-2626-7613(淡水捷運站旅遊服務中心),新北市淡水區,121.44374/25.167863,https://tour.ntpc.gov.tw/zh-tw/Attraction/Detail?wnd_id=60&id=209657
161,嘉義文化路夜市,05-229-4593,嘉義市東區文化路,120.44969/23.479481,https://travel.chiayi.gov.tw/travel-content?id=34&lang=zh_TW
162,信義商圈,02-2720-8889,臺北市信義區松壽路,121.56499/25.035898,https://www.travel.taipei/zh-tw/attraction/details/1573
163,角板山公園,03-394-6061,桃園市復興區中正路,121.35106/24.817978,Oops!
164,基隆嶼,02-2428-7664(基隆市旅遊服務中心),基隆市中正區基隆嶼,121.78555/25.192222,https://tour.klcg.gov.tw/zh/attractions/coastal/%E5%9F%BA%E9%9A%86%E5%B6%BC/
165,霧社,049-280-2534,南投縣仁愛鄉,121.11661/24.025969,Oops!
166,七股鹽山,(06)780-0511,臺南市七股區鹽埕里66號,120.09999/23.154125,https://swcoast-nsa.travel/zh-tw/attraction/details/59
167,基隆港,02-2428-7664(基隆市旅遊服務中心),基隆市仁愛區忠一路,121.74131/25.130983,https://tour.klcg.gov.tw/zh/attractions/coastal/%E5%9F%BA%E9%9A%86%E6%B8%AF/
168,瑞穗溫泉,(03)887-5306,花蓮縣瑞穗鄉,121.34401/23.496725,https://www.erv-nsa.gov.tw/zh-tw/attractions/detail/47
169,蘇花公路,(03)862-1100~6,花蓮縣新城鄉,121.78251/24.372073,Oops!
170,富源國家森林遊樂區,03-881-2377,花蓮縣瑞穗鄉富源村,121.36845/23.586027,https://recreation.forest.gov.tw/Forest/RA?typ=0&typ_id=0800001
171,翟山坑道,(082)313-241,金門縣金城鎮珠水路,118.31819/24.388525,http://www.kmnp.gov.tw/playstation/info/29
172,高雄孔廟,07-222-7914,高雄市左營區蓮潭路400號,120.29904/22.689238,http://khh.travel/Article.aspx?a=6455&l=1
173,北港朝天宮,(05)783-2055,雲林縣北港鎮中山路178號,120.30464/23.567805,https://tour.yunlin.gov.tw/tw/index.asp?au_id=82&sub_id=101&id=57
174,龍門露營渡假基地(龍門露營區),02-24991791,新北市貢寮區興隆街100號,121.94027/25.016698,https://www.necoast-nsa.gov.tw/Attraction-Content.aspx?a=191&l=1
175,七美嶼,(06)997-1007,澎湖縣七美鄉,119.43111/23.207777,http://penghutravel.com/TravelInformationSceneryDetailC000000.aspx?Cond=8225b379-fb65-4bc6-846f-b230b54e8d5c&Keyword=%e4%b8%83%e7%be%8e&SortType=1&SearchAdvanced=False&Language=1028
176,新埔小鎮,(03)5881311,新竹縣新埔鎮中正路776號,121.07129/24.827879,Oops!
177,布洛灣台地,(03)862-1100~6,花蓮縣秀林鄉,121.57302/24.170665,http://www.taroko.gov.tw/zh-tw/Tourism/AttractionDetail?id=2
178,西嶼西臺,06-998-1026,澎湖縣西嶼鄉縣道203線,119.48972/23.564167,https://www.penghu-nsa.gov.tw/TravelInformationSceneryDetailC001200.aspx?Cond=50aa3b29-372c-4717-bb60-8eb60699121e&language=1028&SearchAdvanced=false
179,高雄農場,(07)683-1115,高雄市美濃區吉洋里外六寮500號,120.53077/22.8322,http://www.kaohsiungfarm.com.tw
180,暖東峽谷,02-2425-8236,基隆市暖暖區東勢街,121.75487/25.076921,https://tour.klcg.gov.tw/zh/attractions/ecotourism/%E6%9A%96%E6%9D%B1%E5%B3%BD%E8%B0%B7/
181,情人谷,07-688-1001(寶來遊客中心),高雄市六龜區高132鄉道,120.66011/22.880407,https://www.maolin-nsa.gov.tw/user/article.aspx?lang=1&SNo=04000050
182,古寧頭戰史館,082-313-100,金門縣金寧鄉南山路,118.32099/24.482999,http://www.kmnp.gov.tw/playstation/info/18
183,莒光樓,(082)325-632,金門縣金城鎮賢城路1號,118.31906/24.423580,http://kinmen.travel/zh-tw/travel/attraction/389
184,蘭嶼,089-732-001,臺東縣蘭嶼鄉椰油村忠孝街295號,121.50854/22.057374,https://tour.taitung.gov.tw/zh-tw/attraction/lanyu
185,鯉魚潭,03-8641691,花蓮縣壽豐鄉池南村環潭北路100號,121.50741/23.93059,https://www.erv-nsa.gov.tw/zh-tw/attractions/detail/30
186,秀姑巒溪,(03)887-5400,花蓮縣瑞穗鄉瑞良村中山路三段215號,121.40120/23.488881,https://www.eastcoast-nsa.gov.tw/zh-tw/attractions/detail/13
187,二崁傳統聚落,06-998-1952,澎湖縣西嶼鄉二崁村,119.51959/23.604525,https://www.penghu-nsa.gov.tw/TravelInformationSceneryDetailC001200.aspx?Cond=f6c6b122-f0ff-4572-832a-413fb223a808&Keyword=%e4%ba%8c%e5%b4%81&SortType=1&SearchAdvanced=False&Language=1028
188,東海大學,04-2359-0121,臺中市西屯區臺灣大道四段1727號,120.60261/24.18258,https://www.thu.edu.tw/index.html
189,壽山動物園,(07)521-5187,高雄市鼓山區萬壽路350號,120.27515/22.635531,http://khh.travel/Article.aspx?a=6832&l=1
190,國立科學工藝博物館,(07)380-0089,高雄市三民區九如一路720號,120.32257/22.640138,http://www.nstm.gov.tw
191,馬那邦山,037-352-961,苗栗縣大湖鄉東興產業道路,120.89389/24.379163,https://miaolitravel.net/article.aspx?sNo=04004555
192,大武崙砲臺,02-2428-7664(基隆市旅遊服務中心),基隆市安樂區基金一路208巷19號,121.70935/25.158692,https://tour.klcg.gov.tw/zh/attractions/forts/%E5%A4%A7%E6%AD%A6%E5%B4%99%E7%A0%B2%E5%8F%B0/
193,池南國家森林遊樂區,03-864-1594,花蓮縣壽豐鄉池南村,121.50089/23.91856,https://recreation.forest.gov.tw/Forest/RA?typ=0&typ_id=0800002
194,卑南遺址公園,(089)233-466,臺東縣臺東市文化公園路200號,121.11697/22.794065,https://tour.taitung.gov.tw/zh-tw/attraction/details/304
195,太湖遊憩區,082-332-528,金門縣金湖鎮太湖路三段,118.42629/24.439805,http://kinmen.travel/zh-tw/travel/attraction/507
196,金山溫泉,02-2498-8980(金山遊客中心),新北市金山區,121.64263/25.224398,https://www.northguan-nsa.gov.tw/user/Article.aspx?Lang=1&SNo=04005472
197,青草湖,(03)521-6121,新竹市東區環湖道路,120.96945/24.775455,https://www.tourism.hccg.org.tw/topic_4
198,雲嘉南濱海國家風景區-北門遊客中心,06-786-1017,臺南市北門區北門里200號,120.12396/23.267152,https://swcoast-nsa.travel/zh-tw/attraction/details/154
199,藤枝國家森林遊樂區,07-689-5123,高雄市桃源區寶山里藤枝段78號,120.75451/23.067871,https://recreation.forest.gov.tw/Forest/RA?typ=0&typ_id=0600001
200,新北瑞芳-水金九地區礦山秘境,Oops!,新北市瑞芳區,121.80000/25.116666,Oops!
201,鹽寮海濱公園,02-2490-3991,新北市貢寮區研海街45號,121.92645/25.042168,https://www.necoast-nsa.gov.tw/Area-Content.aspx?a=151&l=1
202,光之穹頂,07-793-8888(高雄捷運),臺灣高雄市新興區中山一路115號(高雄捷運美麗島站B1),120.30268/22.631118,http://khh.travel/Article.aspx?a=6435&l=1
203,行天宮,(02)2502-7924,臺北市中山區民權東路二段109號,121.53375/25.062681,https://www.ht.org.tw/
204,知本國家森林遊樂區,089-510-961,臺東縣卑南鄉溫泉村,120.99214/22.686961,https://recreation.forest.gov.tw/Forest/RA?typ=0&typ_id=0700001
205,金門陶瓷廠,082-332-856,金門縣金湖鎮漁村14號,118.40698/24.435365,http://kinmen.travel/zh-tw/travel/attraction/664
206,九棚大沙漠,08-880-1105,屏東縣滿州鄉港仔路,120.87913/22.131881,https://www.dbnsa.gov.tw/Scenery-Content.aspx?lang=1&sno=04006742
207,武陵農場,04-2590-1259,臺中市和平區武陵路3-1號,121.30830/24.345778,https://www.wuling-farm.com.tw/tw/index.php
208,吉貝嶼,(06)993-3082,澎湖縣白沙鄉吉貝嶼,119.60833/23.744722,https://www.penghu-nsa.gov.tw/TravelInformationSceneryDetailC001200.aspx?Cond=1b4a87a6-6631-4e9b-b305-ecacd2f00364&language=1028&SearchAdvanced=false
209,國立國父紀念館,(02)2758-8008,臺北市信義區仁愛路四段505號,121.55985/25.039252,https://www.yatsen.gov.tw/
210,北投文物館,02-2891-2318,臺北市北投區幽雅路32號,121.51410/25.138356,https://www.travel.taipei/zh-tw/attraction/details/46
211,貓空茶園,02-2720-8889,臺北市文山區指南路三段,121.59516/24.968262,Oops!
212,墾丁牧場,08-886-1358,屏東縣恆春鎮牧場路1號,120.80052/21.944598,Oops!
213,茂林國家風景區-禮納里遊客中心,(08)799-7245,屏東縣瑪家鄉瑪家村和平路1段63號,120.64406/22.699497,http://www.maolin-nsa.gov.tw
214,馬山觀測站,(082)313-100,金門縣金沙鎮光華路二段,118.40886/24.527708,http://www.kmnp.gov.tw/playstation/info/26
215,石梯坪,03-867-1326,花蓮縣豐濱鄉石梯坪52號,121.50753/23.482922,http://www.eastcoast-nsa.gov.tw/zh-tw/Attractions/Detail/12
216,望安嶼,(06)999-1311,澎湖縣望安鄉,119.5/23.383333,Oops!
217,新屋綠色走廊,(03)332-2101,桃園市新屋區濱海林蔭大道,121.01214/24.969963,http://travel.tycg.gov.tw/zh-tw/Travel/Attraction/311
218,后里馬場(暫時休園),04-25152588,臺中市后里區寺山路41號,120.73607/24.298607,https://travel.taichung.gov.tw/zh-tw/Attractions/Intro/65/
219,桶盤嶼,(06)921-6521,澎湖縣馬公市桶盤嶼,119.52777/23.490555,Oops!
220,建國假日花市、玉市,02-2720-8889,臺北市大安區建國南路一段,121.53790/25.038351,http://www.fafa.org.tw
221,內洞國家森林遊樂區,02-2661-7358,新北市烏來區信賢里,121.52619/24.83410,https://recreation.forest.gov.tw/Forest/RA?typ=0&typ_id=0200002
222,寶來溫泉,07-688-1001(寶來遊客中心),高雄市六龜區省道臺20線,120.69833/23.107585,http://www.maolin-nsa.gov.tw/user/Article.aspx?Lang=1&SNo=03001731
223,臺北北投-磺泉玉露的風華小鎮,Oops!,臺北市北投區,121.50965/25.136158,Oops!
224,國立臺灣美術館,(04)2372-3552,臺中市西區五權西路一段2號,120.66351/24.140921,https://www.ntmofa.gov.tw/
225,虎頭埤風景區,(06)590-1325,臺南市新化區中興路42巷36號,120.34102/23.027865,https://www.siraya-nsa.gov.tw/MainWeb/article.aspx?L=1&SNO=04000679
226,關渡自然公園,(02)2858-7417,臺北市北投區關渡路55號,121.46928/25.11937,https://gd-park.org.tw/
227,參山國家風景區-八卦山脈生態遊客中心,04-728-9608,彰化縣彰化市卦山路13-7號,120.55560/24.078548,https://www.trimt-nsa.gov.tw/
228,大天后宮,(06)221-1178,臺南市中西區永福路二段227巷18號,120.20154/22.996616,https://www.twtainan.net/zh-tw/Attractions/Detail/675/
229,東北角暨宜蘭海岸國家風景區-大里遊客中心,(03)978-0727(大里站),宜蘭縣頭城鎮濱海路七段11號,121.92407/24.969428,https://www.necoast-nsa.gov.tw/
230,剝皮寮老街,02-2336-1704,臺北市萬華區康定路173巷,121.50216/25.036838,https://www.travel.taipei/zh-tw/attraction/details/87
231,綠島朝日溫泉,089-671133,臺東縣綠島鄉公館村溫泉路167號,121.50460/22.636796,https://www.eastcoast-nsa.gov.tw/zh-tw/Attractions/Detail/95
232,南鯤鯓代天府(大鯤園),06-786-3711,臺南市北門區鯤江里976號,120.14313/23.286086,https://www.twtainan.net/zh-tw/attractions/detail/466
233,水往上流,089-841520,臺東縣東河鄉台11 線約148公里處,121.21731/22.868595,http://www.eastcoast-nsa.gov.tw/zh-tw/Attractions/Detail/33
234,六十石山,03-882-1725,花蓮縣富里鄉竹田村 (約臺九線308.6K東側轉入),121.31772/23.218788,https://www.erv-nsa.gov.tw/zh-tw/attractions/detail/58
235,六福村主題遊樂園,(03)547-5665,新竹縣關西鎮拱子溝60號,121.18080/24.825281,http://www.leofoo.com.tw/village/
236,鳩之澤溫泉,03-980-9806,宜蘭縣大同鄉,121.50833/24.545855,http://tps.forest.gov.tw/TPSWeb/wSite/ct?xItem=2959&ctNode=277&mp=1
237,鹿港天后宮,(04)777-9899,彰化縣鹿港鎮中山路430號,120.43133/24.059399,http://tourism.chcg.gov.tw/AttractionsContent.aspx?id=104&chk=9b07dd3e-06bb-45d6-8479-54ee7d8897ed&param=pn=1&l=CH
238,西拉雅國家風景區,02-2671-1031,新北市三峽區秀川里長福街1號,121.37023/24.933866,http://www.longfuyan.org.tw
239,三峽清水祖師廟,06-690-0399,臺南市官田區官田里福田路99號,120.48184/23.221533,https://www.siraya-nsa.gov.tw/MainWeb/main.aspx?L=1
240,坪林茶業博物館,(02)2665-6035,新北市坪林區水聳淒坑19-1號,121.71276/24.934331,http://www.tea.ntpc.gov.tw/
241,飛牛牧場,(037)782-999,苗栗縣通霄鎮南和里166號,120.73987/24.442032,https://www.flyingcow.com.tw/
242,福壽山農場,(04)2598-9202,臺中市和平區福壽路29號,121.24578/24.244921,https://www.trimt-nsa.gov.tw/areadetail?id=111
243,高雄市立歷史博物館,(07)531-2560,高雄市鹽埕區中正四路272號,120.28688/22.626737,http://khm.org.tw/home01.aspx?ID=1
244,高雄市立美術館,(07)555-0331,高雄市鼓山區美術館路80號,120.28673/22.656247,https://khh.travel/Article.aspx?a=6367&l=1&stype=1059&sitem=4143
245,大板根森林溫泉渡假村,06-266-0808,臺南市仁德區文華路二段66號,120.22602/22.934560,https://www.chimeimuseum.org/
246,奇美博物館,(02)2674-9228,新北市三峽區插角里79號,121.40332/24.872125,https://www.thegreatroots.com/
247,萬金聖母聖殿,08-783-2005,屏東縣萬巒鄉萬金村萬興路24號,120.61125/22.595029,https://www.pthg.gov.tw/townwlt/cp.aspx?n=B5846F71CD12285A
248,虎井嶼,(06)921-6521,澎湖縣馬公市虎井嶼,119.52777/23.490555,https://www.penghu-nsa.gov.tw/TravelInformationSceneryDetailC001200.aspx?Cond=73d7ddd1-2ae1-414f-824f-201eaca0c400&language=1028&SearchAdvanced=false
249,石門洞,(02)8635-5100（白沙灣遊客中心）,新北市石門區崁仔腳,121.56884/25.296292,https://www.northguan-nsa.gov.tw/user/Article.aspx?Lang=1&SNo=04002494
250,大雪山國家森林遊樂區,(04)2587-7901,臺中市和平區,120.97440/24.246652,https://recreation.forest.gov.tw/Forest/RA?typ=0&typ_id=0300003
251,彰化鹿港-工藝、美食、古蹟,Oops!,彰化縣鹿港鎮,120.43333/24.050000,Oops!
252,鵝鑾鼻燈塔,08-8851111,屏東縣恆春鎮鵝鑾里燈塔路90號,120.85269/21.90228,https://lighthouse.motcmpb.gov.tw/lighthouse_3_20.html
253,指南宮,07-522-8633,高雄市鼓山區至聖路及南屏路口,120.30006/22.659591,http://khh.travel/Article.aspx?a=6877&l=1&stype=1057&sitem=4083
254,凹仔底森林公園,(02)2939-9922,臺北市文山區萬壽路115號,121.58687/24.978597,https://www.travel.taipei/zh-tw/attraction/details/64
255,滿月圓國家森林遊樂區,(02)2672-0004,新北市三峽區,121.44517/24.83658,https://recreation.forest.gov.tw/Forest/RA?typ=0&typ_id=0200001
256,小門嶼,(06)921-6521,澎湖縣西嶼鄉小門嶼,119.52083/23.6525,https://www.penghu-nsa.gov.tw/TravelInformationSceneryDetailC001200.aspx?Cond=faa39b76-3a75-4ca4-8de3-51b1ac06035d&language=1028&SearchAdvanced=false
257,通梁古榕,(06)921-6521,澎湖縣白沙鄉通樑村149號,119.55701/23.656613,https://www.penghu-nsa.gov.tw/TravelInformationSceneryDetailC001200.aspx?Cond=46d40746-2dc0-4bf5-9d41-736200364654&Keyword=%e9%80%9a&SortType=1&SearchAdvanced=False&Language=1028
258,八仙洞,(089)881-418,臺東縣長濱鄉三間村水母丁1-4號,121.47666/23.395970,http://www.eastcoast-nsa.gov.tw/zh-tw/Attractions/Detail/37
259,七股潟湖,(06)786-1000,臺南市七股區,120.06513/23.134676,https://swcoast-nsa.travel/zh-tw/attraction/details/60
260,中華夜市,(04)2228-9111,臺中市中區中華路一段,120.67881/24.14715,https://travel.taichung.gov.tw/zh-tw/Attractions/Intro/36/
261,鹿港龍山寺,04-777-2472,彰化縣鹿港鎮金門巷81號,120.43562/24.050384,http://tourism.chcg.gov.tw/AttractionsContent.aspx?id=91&chk=fb6ba20e-68ce-4ef8-80ac-dd3693ecf7d0&param=pn=1&l=CH
262,井仔腳瓦盤鹽田,06-786-1629,臺南市北門區永華里井仔腳,120.10756/23.258830,https://swcoast-nsa.travel/zh-tw/attraction/details/369
263,八仙山國家森林遊樂區,(04)2595-1214,臺中市和平區,121.00565/24.197378,https://recreation.forest.gov.tw/Forest/RA?typ=0&typ_id=0300002
264,城市光廊,07-799-5678,高雄市前金區中華三路6號,120.29900/22.623513,http://khh.travel/Article.aspx?a=6935&l=1
265,險礁嶼,(06)993-3082,澎湖縣白沙鄉險礁嶼,119.60861/23.711944,https://www.penghu-nsa.gov.tw/TravelInformationSceneryDetailC001200.aspx?Cond=75d13595-7c1f-41ea-84d5-caeaf9738594&language=1028&SearchAdvanced=false
266,高雄美濃-美濃美意情濃,07-681-7508(美濃民俗村),高雄市美濃區中山路二段421巷80號,120.51397/22.893131,http://khh.travel/Article.aspx?a=6437&l=1&stype=1057&sitem=4102
267,鶯歌陶瓷博物館,(02)8677-2727,新北市鶯歌區文化路200號,121.35212/24.949390,https://www.ceramics.ntpc.gov.tw/
268,花博公園,02-2182-8886(臺北市會展產業發展基金會),臺北市中山區玉門街1號(圓山園區),121.52047/25.070172,https://www.expopark.taipei/cl.aspx?n=90
269,王功漁港(王功漁火碼頭),04-898-3589(彰化縣芳苑鄉公所),彰化縣芳苑鄉漁港路,120.32453/23.968987,http://tourism.chcg.gov.tw/AttractionsContent.aspx?id=80&chk=7ca73fbb-c3e0-4c87-ba52-e2b0b3b04065&param=pn=1&l=CH
270,義大遊樂世界,0800-588887,高雄市大樹區學城路一段10號,120.40517/22.729912,http://www.edathemepark.com.tw/Website/index.aspx
271,臺中民俗公園,(04)2245-1310,臺中市北屯區旅順路二段73號,120.68718/24.174689,https://travel.taichung.gov.tw/zh-tw/Attractions/Intro/420/
272,金門國家公園,(082)313-100,金門縣金寧鄉伯玉路二段460號,118.35252/24.444234,http://www.kmnp.gov.tw/
273,安通溫泉,03-887-5306,花蓮縣玉里鎮,121.34227/23.280318,https://www.erv-nsa.gov.tw/zh-tw/attractions/detail/56
274,台江國家公園,06-284-2600,臺南市安南區四草大道118號,120.13626/23.002870,https://www.tjnp.gov.tw//index.aspx
275,集集鎮 - 火車印象‧踩風集集,Oops!,南投縣集集鎮,120.78300/23.830000,Oops!
276,玉山國家公園-水里遊客中心,049-270-2200,南投縣水里鄉中山路一段515號,120.85034/23.813066,https://www.ysnp.gov.tw/
277,竹塹城迎曦門,03-531-9756(新竹市文化局),新竹市東區東門街,120.97100/24.804174,https://www.tourism.hccg.org.tw/hot_detail_4_0
278,紅葉溫泉,(03)887-5306,花蓮縣萬榮鄉紅葉村,121.32563/23.491838,https://www.erv-nsa.gov.tw/zh-tw/attractions/detail/47
279,瑞豐夜市,07-799-5678(高雄市政府觀光局),高雄市左營區裕誠路與南屏路口,120.29980/22.665952,http://khh.travel/Article.aspx?a=5171&l=1
280,大埔石刻,0836-89388(莒光遊客中心),連江縣莒光鄉東莒島西南方,119.96714/25.946462,http://www.matsu-nsa.gov.tw/User/Attraction-Content.aspx?a=78&lang=1
281,國家兩廳院,02-3393-9888,臺北市中正區中山南路21-1號,121.51903/25.036731,http://npac-ntch.org/zh/
282,大溪花海農場,03-388-0801,桃園市大溪區復興路一段1093巷27號,121.29031/24.843707,http://www.tasheeblmn.com.tw
283,法鼓山,02-2498-7171,新北市金山區三界里7鄰半嶺14-5號,121.61606/25.24113,https://www.ddm.org.tw/
284,小白沙嶼,(06)993-3082,澎湖縣白沙鄉小白沙嶼,119.66706/23.678175,https://www.penghu-nsa.gov.tw/TravelInformationSceneryDetailC001200.aspx?Cond=ca57b919-5fc7-415d-a22c-c224863df05e&language=1028&SearchAdvanced=false
285,大龍峒保安宮,(02)2595-1676,臺北市大同區哈密街61號,121.51542/25.073159,http://www.baoan.org.tw
286,鹿港民俗文物館,(04)777-2019,彰化縣鹿港鎮館前街88號,120.43648/24.053883,http://tourism.chcg.gov.tw/AttractionsContent.aspx?id=150&chk=d189a6d4-64e5-4e0b-8c48-6732e6202319&param=pn=1&l=CH
287,國立傳統藝術中心,03-9508859,宜蘭縣五結鄉五濱路二段201號,121.82348/24.685471,https://www.ncfta.gov.tw/
288,不老溫泉,(03)870-2100,花蓮縣光復鄉糖廠街19號,121.41995/23.656756,https://tour-hualien.hl.gov.tw/POI/117
289,花蓮觀光糖廠,07-688-1001(寶來遊客中心),高雄市六龜區鄉道高133線,120.68507/23.066142,http://www.maolin-nsa.gov.tw/user/Article.aspx?Lang=1&SNo=03001731
290,臺中都會公園,(04)2461-2483,臺中市西屯區西平南巷30-3號,120.59625/24.205642,https://travel.taichung.gov.tw/zh-tw/Attractions/Intro/71/
291,埔心牧場,03-4644132轉123、125,桃園市楊梅區高榮里幼獅路一段439號,121.17872/24.926979,https://www.pushin-ranch.com/
292,興中觀光夜市,07-333-8993,高雄市苓雅區三多三路與文橫二路口,120.30684/22.614811,http://khh.travel/Article.aspx?a=6338&l=1
293,石雨傘,(089)841-520,臺東縣成功鎮台11線105.8公里路旁,121.40327/23.176716,http://www.eastcoast-nsa.gov.tw/zh-tw/Attractions/Detail/40
294,五峰旗風景特定區,(03)988-0940,宜蘭縣礁溪鄉五峰路,121.74645/24.832818,http://travel.yilan.tw/zh-tw/attraction/details/85
295,芹壁村,08-3656534(北竿遊客中心),連江縣北竿鄉環島北路,119.98251/26.224668,http://www.matsu-nsa.gov.tw/User/Attraction-Content.aspx?a=53&lang=1
296,曾文水庫,06-575-3251,臺南市楠西區密枝里70號,120.53671/23.250550,https://www.siraya-nsa.gov.tw/MainWeb/article.aspx?L=1&SNO=04000686
297,關渡碼頭,02-2720-8889,臺北市北投區關渡碼頭,121.46220/25.120733,https://www.travel.taipei/zh-tw/attraction/details/2
298,富岡漁港,(089)280-011,臺東縣臺東市富岡街297號,121.1921/22.7926,https://www.eastcoast-nsa.gov.tw/zh-tw/Attractions/Detail/164
299,臺灣戲劇館,03-932-2440轉400,宜蘭縣宜蘭市復興路二段101號,121.74526/24.749467,Oops!
300,池上牧野渡假村,(089)862-736,臺東縣池上鄉新興村110號,121.19983/23.109141,http://www.erv-nsa.gov.tw/user/Article.aspx?Lang=1&SNo=03000159
301,烏來泰雅民族博物館,02-2661-8162,新北市烏來區烏來街12號,121.55160/24.864309,http://tour.ntpc.gov.tw/zh-tw/Attraction/Detail?wnd_id=60&id=109669
302,大甲鎮瀾宮,(04)2676-3522,臺中市大甲區順天路158號,120.62348/24.345142,https://travel.taichung.gov.tw/zh-tw/Attractions/Intro/609/
303,長虹橋,03-867-1326,花蓮縣豐濱鄉台11線68公里處,121.48870/23.467469,http://www.eastcoast-nsa.gov.tw/zh-tw/Attractions/Detail/14
304,清水巖祖師廟,(02)2371-1517,臺北市萬華區康定路81號,121.50266/25.040223,https://www.travel.taipei/zh-tw/attraction/details/73
305,枋寮褒忠亭義民廟,03-588-2238,新竹縣新埔鎮義民路三段360號,121.03631/24.844063,http://travel.hsinchu.gov.tw/Article/Details/325D5E8D-3449-46A8-A29A-631660E006E4?collectionid=77C60911-A5BC-4678-8A48-64BC94C5D576
306,臺中公園,04-2222-4174,臺中市北區雙十路一段65號,120.68447/24.144818,https://travel.taichung.gov.tw/zh-tw/Attractions/Intro/28/
307,八八坑道,08-3625630(南竿遊客中心),連江縣南竿鄉中央大道,119.95324/26.16032,http://www.matsu-nsa.gov.tw/User/Attraction-Content.aspx?a=30&lang=1
308,桃園大溪-獨一無二總統鎮,Oops!,桃園市大溪區,121.28708/24.880611,Oops!
309,走馬瀨農場,06-576-0121,臺南市大內區二溪里唭子瓦60號,120.42985/23.137177,http://www.farm.com.tw/
310,臺北孔廟,(02)2592-3934,臺北市大同區大龍街275號,121.51609/25.072452,https://www.tctcc.taipei/
311,馬祖酒廠,08-3625630(南竿遊客中心),連江縣南竿鄉復興村208號,119.95182/26.160855,http://www.matsu-nsa.gov.tw/User/Attraction-Content.aspx?a=274&lang=1
312,宜蘭礁溪-溫泉養生樂活小城,Oops!,宜蘭縣礁溪鄉,121.77143/24.823590,Oops!
313,南園,03-589-0011,新竹縣新埔鎮九芎湖32號,121.10490/24.868196,http://nanyuan.theonestyle.com
314,東眼山國家森林遊樂區,03-382-1506,桃園市復興區,121.40948/24.83200,https://recreation.forest.gov.tw/Forest/RA?typ=0&typ_id=0200003
315,奧萬大國家森林遊樂區,(049)297-4511,南投縣仁愛鄉親愛村大安路153號,121.18278/23.945332,https://recreation.forest.gov.tw/Forest/RA?typ=0&typ_id=0400001
316,雪霸國家公園-汶水遊客中心,037-996-100,苗栗縣大湖鄉富興村水尾坪100號,120.88047/24.448518,https://www.spnp.gov.tw/
317,扇平森林生態科學園,07-689-1648,高雄市茂林區扇平林道,120.67888/22.967995,Oops!
318,風櫃斗,049-222-2106,南投縣信義鄉,120.85659/23.669081,http://travel.nantou.gov.tw/detail.aspx?type=scenic&id=171
319,十七公里海岸風景區,03-521-6121,新竹市北區南寮街,120.92869/24.849885,https://www.tourism.hccg.org.tw/topic_1
320,十八王公廟,02-8635-5100(白沙灣遊客中心),新北市石門區乾華里阿里磅1-1號,121.58622/25.292063,http://www.northguan-nsa.gov.tw/user/Article.aspx?Lang=1&SNo=04002500
321,草嶺風景區,05-552-3181,雲林縣古坑鄉草嶺村,120.685/23.591388,Oops!
322,綠水合流步道,(03)862-1100~6,花蓮縣秀林鄉,121.51228/24.178841,http://www.taroko.gov.tw/zh-tw/Tourism/TrailDetail?id=38
323,青山宮,(02)2382-2296,臺北市萬華區貴陽街二段218號,121.49938/25.039882,https://www.travel.taipei/zh-tw/attraction/details/74
324,麗寶樂園,04-2558-2459,臺中市后里區福容路8號,120.69399/24.317965,http://www.lihpaoland.com.tw/
325,原生植物園,(07)349-7538,高雄市左營區重光路(縱貫鐵路旁),120.30116/22.680421,http://khh.travel/Article.aspx?a=6232&l=1
326,學海書院,Oops!,臺北市萬華區環河南路二段93號,121.49562/25.03633,https://www.travel.taipei/zh-tw/attraction/details/397
327,嘉義樹木園,05-276-4921,嘉義市東區山子頂270號,120.46646/23.483881,https://travel.chiayi.gov.tw/travel-content?id=28&lang=zh_TW
328,雲嘉南濱海國家風景區,06-786-1000,臺南市北門區北門里舊埕119號,120.12421/23.268768,https://swcoast-nsa.travel/
329,砂卡礑步道,(03)862-1100~6,花蓮縣秀林鄉,121.61461/24.161712,http://www.taroko.gov.tw/zh-tw/Tourism/TrailDetail?id=34
330,草悟道,04-2302-1232(草悟廣場服務中心),臺中市西區英才路534號(公正路口),120.66501/24.149311,https://travel.taichung.gov.tw/zh-tw/Attractions/Intro/786/
331,臺北信義-聚焦國際的時尚之城,Oops!,臺北市信義區,121.56698/25.035860,Oops!
332,貓囒山步道,(049)285-5668,南投縣魚池鄉中山路292號,120.90972/23.879061,https://www.sunmoonlake.gov.tw/zh-tw/attractions/detail/66
333,成功漁港,089-841-520,臺東縣成功鎮,121.38278/23.097871,http://www.eastcoast-nsa.gov.tw/zh-tw/Attractions/Detail/35
334,玻璃工藝博物館,03-562-6091,新竹市東區東大路一段2號,120.97731/24.80121,"https://culture.hccg.gov.tw/ch/home.jsp?id=146&parentpath=0,145"
335,高雄燈塔(旗后燈塔),07-571-5021,高雄市旗津區旗下巷34號,120.26500/22.61517,https://lighthouse.motcmpb.gov.tw/lighthouse_3_22.html
336,參山國家風景區,(04)2331-2678,臺中市霧峰區中正路738號,120.69808/24.058528,https://www.trimt-nsa.gov.tw/
337,西螺大橋,05-586-1444,雲林縣西螺鎮建興路,120.46113/23.813627,https://tour.yunlin.gov.tw/tw/index.asp?au_id=69&sub_id=101&id=66
338,鄞山寺,(02)2622-8965,新北市淡水區鄧公里鄧公路15號,121.44854/25.169251,http://tour.ntpc.gov.tw/zh-tw/Attraction/Detail?wnd_id=60&id=109677
339,壁山,08-3656534(北竿遊客中心),連江縣北竿鄉壁山路,119.99144/26.225371,http://www.matsu-nsa.gov.tw/User/Attraction-Content.aspx?a=58&lang=1
340,八里風帆碼頭,02-2610-2621,新北市八里區忠五街,121.42275/25.163736,http://tour.ntpc.gov.tw/zh-tw/Attraction/Detail?wnd_id=60&id=109678
341,枕戈待旦紀念公園,08-3625630(南竿遊客中心),連江縣南竿鄉海濱大道,119.94023/26.15642,http://www.matsu-nsa.gov.tw/User/Attraction-Content.aspx?a=34&lang=1
342,梧棲觀光漁港,04-2657-1586,臺中市清水區北堤路30號,120.52072/24.293203,https://travel.taichung.gov.tw/zh-tw/Attractions/Intro/10/
343,惠蓀林場,049-294-2001,南投縣仁愛鄉新生村山林巷1號,121.03372/24.091197,https://sites.google.com/huisun-nchu.com.tw/home
344,澎湖天后宮,(06)921-6521,澎湖縣馬公市正義街1號,119.56403/23.564694,https://www.penghu-nsa.gov.tw/TravelInformationSceneryDetailC001200.aspx?Cond=73eae1ff-0b2f-4bfd-b1b3-b37f0c611a31&language=1028&SearchAdvanced=false
345,苗栗三義-詩情畫意的木雕藝術城,Oops!,苗栗縣三義鄉,120.76666/24.416666,Oops!
346,瓊麻工業歷史展示區,08-886-6520,屏東縣恆春鎮草潭路4號,120.74402/21.966865,http://www.ktnp.gov.tw/News_Content2.aspx?n=5C28A0E32DF925F9&sms=C88B5251F308CE96&s=ED55850F71659492
347,臺灣玻璃館,(04)781-1299,彰化縣鹿港鎮鹿工南四路30號,120.39484/24.068455,http://www.timingjump.com.tw/Guide/Guide.aspx
348,十八尖山,03-521-6121,新竹市東區博愛街及寶山路,120.98681/24.79527,https://www.tourism.hccg.org.tw/topic_2
349,天主教玫瑰堂,07-221-4434,高雄市苓雅區五福三路151號,120.29165/22.620292,Oops!
350,光榮碼頭,07-799-5678(高雄市政府觀光局),高雄市苓雅區海邊路及新田路口,120.29306/22.618758,http://khh.travel/Article.aspx?a=6274&l=1
351,臺灣鹽博物館,06-780-1775,臺南市七股區鹽埕里69號,120.10558/23.155414,https://swcoast-nsa.travel/zh-tw/attraction/details/70
352,芝山文化生態綠園,02-8866-6258,臺北市士林區雨聲街120號,121.53268/25.104036,http://www.zcegarden.org.tw
353,金獅湖,07-862-9110(高鐵左營站旅遊服務中心),高雄市三民區鼎金後路,120.32626/22.666987,http://khh.travel/Article.aspx?a=6209&l=1&stype=1056&sitem=4080
354,黑面琵鷺生態展示館,(06)788-1180轉204,臺南市七股區十份村海埔47號,120.06267/23.08135,https://www.twtainan.net/zh-tw/Attractions/Detail/474/
355,松山慈祐宮,02-2766-3012,臺北市松山區八德路四段761號,121.57774/25.051023,https://www.travel.taipei/zh-tw/attraction/details/71
356,草嶺古道,(02)2499-1115,新北市貢寮區,121.92627/24.99625,https://www.necoast-nsa.gov.tw/Attraction-Content.aspx?a=268&l=1
357,鐵堡,0836-25630(南竿遊客中心),連江縣南竿鄉津板路,119.92085/26.142051,http://www.matsu-nsa.gov.tw/User/Attraction-Content.aspx?a=35&lang=1
358,西門紅樓,(02)2311-9380,臺北市萬華區成都路10號,121.50668/25.042119,https://www.redhouse.taipei/index.aspx
359,國立臺灣博物館,(02)2382-2699,臺北市中正區襄陽路2號,121.51500/25.043301,https://www.ntm.gov.tw/
360,參山國家風景區-獅山遊客中心,03-580-9296,新竹縣峨眉鄉七星村六寮60-8號,121.02448/24.65552,https://www.trimt-nsa.gov.tw/
361,東豐自行車綠廊,04-2515-2575,臺中市石岡區石城街1號,120.77902/24.275810,https://travel.taichung.gov.tw/zh-tw/Attractions/Intro/130/
362,臺南天壇,06-222-7983,臺南市中西區忠義路二段84巷16號,120.20417/22.993767,https://www.twtainan.net/zh-tw/Attractions/Detail/710/
363,西拉雅國家風景區-中埔遊客中心,05-253-0053,嘉義縣中埔鄉同仁1-9號,120.51177/23.400971,https://www.siraya-nsa.gov.tw/MainWeb/main.aspx?L=1
364,八二三戰史館,082-313-100,金門縣金湖鎮安民村1之11號,118.4324/24.44318,http://www.kmnp.gov.tw/playstation/info/19
365,衛武營國家藝術文化中心,Oops!,花蓮縣瑞穗鄉,121.41133/23.520561,Oops!
366,淡水紅樹林自然保留區,02-2720-8889,新北市淡水區,121.45531/25.15455,http://tour.ntpc.gov.tw/zh-tw/Attraction/Detail?wnd_id=60&id=109656
367,花蓮瑞穗-養生溫泉泛舟樂、茶香乳香咖啡香,07-262-6666,高雄市鳳山區三多一路1號,120.34221/22.624172,https://www.npac-weiwuying.org/index
368,三貂角,02-2499-1210,新北市貢寮區,122.00146/25.01010,https://www.necoast-nsa.gov.tw/Area-Content.aspx?a=154&l=1
369,順承門,(06)921-6521,澎湖縣馬公市中山路（馬公商港旁）,119.56223/23.563086,https://www.penghu-nsa.gov.tw/TravelInformationSceneryDetailC001200.aspx?Cond=4bda9781-612a-407d-a33d-9cbe86f6f655&language=1028&SearchAdvanced=false
370,臺北植物園,(02)2303-9978,臺北市中正區南海路53號,121.51019/25.031211,https://tpbg.tfri.gov.tw/
371,烏山頭水庫風景區（珊瑚潭）,(06)698-2103,臺南市官田區嘉南里68-2號,120.36833/23.202222,https://www.siraya-nsa.gov.tw/MainWeb/article.aspx?L=1&SNO=04000671
372,洲仔溼地公園,07-582-2371,高雄市左營區翠華路,120.29872/22.682366,http://khh.travel/Article.aspx?a=6231&l=1
373,尖山埤江南渡假村,(06)623-3888,臺南市柳營區旭山里60號,120.38972/23.261111,https://www.siraya-nsa.gov.tw/MainWeb/article.aspx?L=1&SNO=04000668
374,邱良功母節孝坊,082-325-643,金門縣金城鎮莒光路一段,118.31854/24.431417,http://kinmen.travel/zh-tw/travel/attraction/397
375,東嶽殿,06-220-2322,臺南市中西區民權路一段110號,120.20932/22.990519,https://www.twtainan.net/zh-tw/Attractions/Detail/709/
376,新光兆豐休閒農場,(03)877-2666,花蓮縣鳳林鎮永福街20號,121.46195/23.802444,https://www.erv-nsa.gov.tw/zh-tw/attractions/detail/35
377,臺北小巨蛋,02-2578-3536,臺北市松山區南京東路四段2號,121.54956/25.051259,https://www.arena.taipei/Default.aspx
378,大溪蜜月灣,(03)978-0727(大里遊客中心),宜蘭縣頭城鎮,121.88575/24.932883,https://www.necoast-nsa.gov.tw/Attraction-Content.aspx?a=272&l=1
379,恆春生態農場,(08)889-2633,屏東縣恆春鎮山腳里山腳路28-5號,120.75976/21.992914,Oops!
380,武荖坑風景區,(03)995-2852,宜蘭縣蘇澳鎮武荖坑路75號,121.81277/24.613395,http://travel.yilan.tw/zh-tw/attraction/details/3
381,臺灣地理中心碑,049-222-2106,南投縣埔里鎮中山路一段421號,120.97969/23.973837,https://www.sunmoonlake.gov.tw/zh-tw/attractions/detail/213
382,臺北故事館,02-2586-3677,臺北市中山區中山北路三段181-1號,121.52463/25.073131,http://www.storyhouse.com.tw/main/modules/MySpace/index.php
383,劍湖山世界主題樂園,(05)582-5789,雲林縣古坑鄉大湖口67號,120.57833/23.617947,http://fancyworld.janfusun.com.tw/index.aspx
384,花露休閒農場,04-2589-1589,苗栗縣卓蘭鎮西坪里西坪43-3號,120.82616/24.332778,https://www.flowerhome.com.tw/
385,黃金博物館,(02)2496-2800,新北市瑞芳區金瓜石金光路8號,121.85625/25.108349,http://www.gep.ntpc.gov.tw
386,內雙溪自然中心藥用植物園,04-2635-2411,臺中市龍井區國際街,120.59567/24.18745,https://travel.taichung.gov.tw/zh-tw/Attractions/Intro/751/
387,東海藝術街商圈,02-2759-3001轉3312,臺北市士林區至善路三段150巷27號,121.57711/25.115513,https://www.shiaushitou.taipei/Default.aspx
388,十八羅漢山,07-688-1001(寶來遊客中心),高雄市六龜區台27甲線,120.63457/22.944361,http://www.maolin-nsa.gov.tw/user/Article.aspx?Lang=1&SNo=04000076
389,臺南安平-臺灣之名源自安平,06-228-1382（安平旅遊資訊中心）,臺南市安平區,120.16062/23.001509,Oops!
390,華山休閒農業區,05-590-0058,雲林縣古坑鄉華山村41號,120.59722/23.594848,https://tour.yunlin.gov.tw/tw/index.asp?au_id=69&sub_id=101&id=262
391,臺灣烏腳病醫療紀念館,06-786-2012,臺南市北門區永隆里27號,120.12371/23.269598,http://www.blackfoot.org.tw/intro/index.html
392,白楊步道,(03)862-1100~6,花蓮縣秀林鄉,121.47779/24.179142,http://www.taroko.gov.tw/zh-tw/Tourism/TrailDetail?id=39
393,清泉風景特定區,(03)585-1001,新竹縣五峰鄉清石道路,121.10410/24.575373,http://travel.hsinchu.gov.tw/Article/Details/8A78D4B5-477D-400B-97F3-42BEF755A477?collectionid=F60F0F0D-56DA-4995-8879-2CF3FED7AD88
394,高雄巨蛋,07-974-9888,高雄市左營區博愛二路757號,120.30306/22.670024,http://www.k-arena.com.tw/
395,七股海產街,(06)787-2611,臺南市七股區,120.11378/23.138180,https://swcoast-nsa.travel/zh-tw/attraction/details/81
396,日月潭文武廟,(049)285-5122,南投縣魚池鄉中正路63號,120.92755/23.869967,https://www.sunmoonlake.gov.tw/zh-tw/attractions/detail/33
397,澎湖國家風景區-澎湖遊客中心,06-785-0355,臺南市北門區三寮灣127-3號,120.11170/23.238274,https://www.twtainan.net/zh-tw/Attractions/Detail/467/
398,東隆文化中心,06-921-6445,澎湖縣馬公市光華里171號,119.60670/23.556002,https://www.penghu-nsa.gov.tw/TravelInformationSceneryDetailC001200.aspx?Cond=4456041f-2623-461c-aa22-435b7038968c&SortType=1&SearchAdvanced=False&Language=1028
399,太魯閣國家公園-合歡山管理站,(042)599-1195,南投縣仁愛鄉榮星村松原巷11號,121.28712/24.162132,https://www.taroko.gov.tw/
400,尖石巨木群,03-584-1001(尖石鄉公所),新竹縣尖石鄉,121.20481/24.707412,http://travel.hsinchu.gov.tw/Article/Details/02EC3A00-131F-4620-B105-147BA098F9F0?collectionid=3D589A29-E58B-45C3-9861-1718A8963739
401,田中森林公園,(049)258-0525,彰化縣田中鎮中南路二段,120.61196/23.853062,https://www.trimt-nsa.gov.tw/areadetail?id=157
402,玉山國家公園-梅山遊客中心,07-686-6181,高雄市桃源區梅山里梅山巷44-5號,120.82581/23.263801,http://www.ysnp.gov.tw
403,光華觀光夜市,07-725-7055,高雄市苓雅區光華二路與三多二路口,120.31764/22.61823,http://khh.travel/Article.aspx?a=6336&l=1
404,臺中大甲-名列世界慶典的媽祖文化,04-2687-2101,臺中市大甲區,120.62246/24.349083,http://www.dajia.taichung.gov.tw/
405,裡冷部落,02-2316-1000,臺北市中正區長沙街一段2號,121.51081/25.039994,https://www.drnh.gov.tw/
406,國史館,(02)2498-5900(金寶山),新北市金山區西勢湖18號,121.60176/25.248151,http://www.northguan-nsa.gov.tw/user/Article.aspx?Lang=1&SNo=04002750
407,鄧麗君墓園(筠園),04-2594-1501,臺中市和平區裡冷,120.95177/24.165849,http://travel.taichung.gov.tw/zh-tw/Attractions/Intro/736/
408,八卦山大佛風景區,(03)332-2101,桃園市桃園區公園路,121.33039/25.001397,http://travel.tycg.gov.tw/zh-tw/Travel/Attraction/1009
409,虎頭山公園,04-722-2290,彰化縣彰化市卦山路8-1號,120.54882/24.078487,https://www.trimt-nsa.gov.tw/areadetail?id=756
410,雲仙樂園,(02)2661-6383,新北市烏來區瀑布路1-1號,121.55391/24.845201,http://www.yun-hsien.com.tw
411,日月潭伊達邵,(049)285-0660,南投縣魚池鄉,120.92946/23.848909,https://www.sunmoonlake.gov.tw/zh-tw/attractions/detail/69
412,元亨寺,07-521-3236,高雄市鼓山區元亨街7號,120.27796/22.639314,http://khh.travel/Article.aspx?a=6376&l=1
413,臺北當代藝術館,02-2552-3721,臺北市大同區長安西路39號,121.51887/25.050477,http://www.mocataipei.org.tw
414,金門金城-後浦古樸文化,082-318-823,金門縣金城鎮莒光路,118.31693/24.432731,Oops!
415,國立臺灣科學教育館,02-6610-1234,臺北市士林區士商路189號,121.51584/25.095885,https://www.ntsec.gov.tw/
416,富貴角,(02)8635-5100,新北市石門區楓林路,121.53759/25.298401,http://www.northguan-nsa.gov.tw/user/Article.aspx?Lang=1&SNo=04002492
417,東部海岸國家風景區-花蓮遊客中心,(03)867-1326,花蓮縣壽豐鄉鹽寮村大坑5號,121.60298/23.904306,http://www.eastcoast-nsa.gov.tw
418,白沙岬燈塔,03-473-2249,桃園市觀音區新坡下16號,121.0763/25.04158,https://lighthouse.motcmpb.gov.tw/lighthouse_3_29.html
419,布袋觀光漁市,06-221-4647,臺南市中西區南門路2號,120.20430/22.990444,https://www.twtainan.net/zh-tw/Attractions/Detail/800/
420,臺南孔廟,05-347-4136,嘉義縣布袋鎮中山路3號,120.15556/23.379479,https://swcoast-nsa.travel/zh-tw/attraction/details/47
421,小叮噹科學主題樂園,(03)559-2132,新竹縣新豐鄉康和路199號,120.98003/24.869211,http://www.ding-dong.com.tw
422,高雄都會公園,07-365-6103,高雄市楠梓區德民路24號,120.31583/22.733044,http://khh.travel/Article.aspx?a=6874&l=1
423,林本源園邸(板橋林家花園),(02)2965-3061~3,新北市板橋區西門街9號,121.45459/25.011116,http://www.linfamily.ntpc.gov.tw/
424,香格里拉樂園,(037)561-369,苗栗縣造橋鄉乳姑山15-3號,120.84099/24.626828,https://miaolitravel.net/article.aspx?sNo=04004639
425,鐵砧山風景特定區,(04)2687-4543,臺中市大甲區成功路87號,120.65003/24.359233,http://travel.taichung.gov.tw/zh-tw/Attractions/Intro/90/
426,921地震教育園區,04-2339-0906,臺中市霧峰區新生路192號,120.69962/24.042260,Oops!
427,馬祖國家風景區,0836-25631,連江縣南竿鄉仁愛村95-1號,119.92744/26.141685,http://www.matsu-nsa.gov.tw
428,初鹿牧場,(089)571-002,臺東縣卑南鄉明峰村牧場1號,121.10830/22.866086,https://www.erv-nsa.gov.tw/zh-tw/attractions/detail/8
429,爺亨梯田,(03)332-2101,桃園市復興區爺亨道路,121.37355/24.674718,http://travel.tycg.gov.tw/zh-tw/Travel/Attraction/1019
430,臺北二二八和平公園,02-2389-7228,臺北市中正區凱達格蘭大道3號,121.51561/25.040271,Oops!
431,雪霸國家公園-武陵遊客中心,(04)2590-1350,臺中市和平區武陵路4號,121.30997/24.352002,https://www.spnp.gov.tw/
432,日月潭拉魯島,(049)285-5668,南投縣魚池鄉拉魯島,120.91111/23.855556,https://www.sunmoonlake.gov.tw/zh-tw/attractions/detail/56
433,黑面琵鷺保護區,06-788-1180#204（黑面琵鷺生態展示館）,臺南市七股區十份里海埔47號,120.05309/23.079186,https://www.twtainan.net/zh-tw/Attractions/Detail/473
434,白米甕砲臺 (荷蘭城),02-2428-7664(基隆市旅遊服務中心),基隆市中山區光華路37巷,121.74304/25.155559,https://tour.klcg.gov.tw/zh/attractions/forts/%E7%99%BD%E7%B1%B3%E7%94%95%E7%A0%B2%E5%8F%B0-%E8%8D%B7%E8%98%AD%E5%9F%8E/
435,8大森林樂園,(08)789-8822,屏東縣潮州鎮潮州路800號,120.55552/22.548946,Oops!
436,朱銘美術館,(02)2498-9940,新北市金山區西勢湖2號,121.61126/25.246268,https://www.juming.org.tw/mainssl/modules/MySpace/index.php?sn=ec&pg=ZC54889
437,臺北偶戲館,02-2528-9553,臺北市松山區市民大道五段99號2樓,121.56133/25.047746,https://www.pact.taipei/index.aspx
438,臺北市立天文科學教育館,(02)2831-4551,臺北市士林區基河路363號,121.51832/25.095592,http://www.tam.gov.taipei
439,萊萊,02-2499-1210(福隆遊客中心),新北市貢寮區蓬萊街,121.99251/24.999849,https://www.necoast-nsa.gov.tw/Area-Content.aspx?a=155&l=1
440,援中港濕地公園,07-591-0631,高雄市楠梓區堤防道,120.25875/22.721083,https://khh.travel/Article.aspx?a=6462&l=1&stype=1057&sitem=4081
441,霞喀羅國家步道,03-522-4163,新竹縣五峰鄉清石道路,121.10826/24.571022,https://recreation.forest.gov.tw/Trail/RT?typ=3&tr_id=026
442,龍潭觀光大池,(03)332-2101,桃園市龍潭區龍元路,121.20891/24.863394,http://travel.tycg.gov.tw/zh-tw/Travel/Attraction/332
443,燕子口,(03)862-1100~6,花蓮縣秀林鄉,121.56444/24.172959,http://www.taroko.gov.tw/zh-tw/Tourism/AttractionDetail?id=29
444,參山國家風景區-南庄遊客中心,(037)824-570,苗栗縣南庄鄉東村大同路43號,120.99922/24.598146,https://www.trimt-nsa.gov.tw/
445,頑皮世界野生動物園,06-781-0000,臺南市學甲區三慶里6鄰頂洲75-25號,120.20947/23.281004,http://2017.wanpi.tw/
446,南化水庫,(06)577-2896,臺南市南化區玉山里139號,120.53678/23.086303,https://www.twtainan.net/zh-tw/Attractions/Detail/623/
447,布袋鹽場,05-347-3380,嘉義縣布袋鎮新厝仔13號,120.16863/23.381454,https://swcoast-nsa.travel/zh-tw/attraction/details/41
448,基隆燈塔,Oops!,基隆市中山區光華路,121.74775/25.15542,https://lighthouse.motcmpb.gov.tw/lighthouse_3_27.html
449,霧鹿峽谷(天龍吊橋),089-551-637,臺東縣海端鄉台20線323公里,121.03950/23.174393,http://www.erv-nsa.gov.tw/user/Article.aspx?Lang=1&SNo=03000155
450,林安泰古厝民俗文物館,02-2599-6026,臺北市中山區濱江街5號,121.53029/25.071747,https://linantai.taipei/Default.aspx
451,全球北回歸線標誌第十處,(05)229-4593,嘉義市西區博愛路與世賢路口,120.42613/23.466307,Oops!
452,高雄市立電影館,(07)551-1211,高雄市鹽埕區河西路10號,120.28898/22.622758,http://khh.travel/Article.aspx?a=6422&l=1
453,半屏湖溼地公園,07-582-2371,高雄市左營區半屏山後巷,120.31305/22.696052,http://khh.travel/Article.aspx?a=6230&l=1
454,鹽水武廟,06-652-1264,臺南市鹽水區武廟路87號,120.26577/23.323823,https://www.twtainan.net/zh-tw/Attractions/Detail/493/
455,泰雅渡假村,(049)246-1311,南投縣國姓鄉北港村北原路56-2號,120.94204/24.067120,http://www.atayal.com.tw
456,日月潭涵碧步道,(049)285-5668,南投縣魚池鄉涵碧步道,120.90869/23.862239,https://www.sunmoonlake.gov.tw/zh-tw/attractions/detail/81
457,遠雄海洋公園,(03)812-3199,花蓮縣壽豐鄉鹽寮村福德189號,121.60337/23.901341,http://www.farglory-oceanpark.com.tw/
458,火炎山自然保留區,037-878-851(火炎山森林生態教育館),苗栗縣三義鄉、苑裡鎮交界,120.77283/24.414918,Oops!
459,國家文創禮品館,(02)2393-3655,臺北市中正區徐州路1號,121.51902/25.041949,https://www.giftcenter.tw/zh-tw/
460,花東縱谷國家風景區-鹿野遊客中心,089-551-637,臺東縣鹿野鄉永安村高台路46號,121.12498/22.924001,http://www.erv-nsa.gov.tw
461,國聖港燈塔,Oops!,臺南市七股區國聖港,120.03585/23.100687,https://lighthouse.motcmpb.gov.tw/lighthouse_3_9.html
462,臺北探索館,(02)2757-4547,臺北市信義區市府路1號,121.56378/25.037525,https://discovery.gov.taipei/
463,小墾丁渡假村,(08)880-2880,屏東縣滿州鄉滿州村中山路205號,120.83626/22.026601,http://www.kentington.com.tw
464,陽明書屋,(02)2861-1444,臺北市北投區中興路12號,121.54118/25.163098,https://www.travel.taipei/zh-tw/attraction/details/27
465,武陵國家森林遊樂區,(04)2590-1020,臺中市和平區武陵路3號,121.30964/24.34788,https://recreation.forest.gov.tw/Forest/RA?typ=0&typ_id=0300001
466,臺東森林公園,(089)325-301,臺東縣臺東市華泰路300號,121.15888/22.76342,https://tour.taitung.gov.tw/zh-tw/attraction/details/454
467,九曲巷,04-777-2006,彰化縣鹿港鎮金盛巷,120.43502/24.053459,http://tourism.chcg.gov.tw/AttractionsContent.aspx?id=143&chk=54c802d7-4beb-4025-b018-dfeb791f398e&param=pn=1&l=CH
468,林投公園,(06)921-6521,澎湖縣湖西鄉林投村,119.64217/23.561856,https://www.penghu-nsa.gov.tw/TravelInformationSceneryDetailC001200.aspx?Cond=93555fb4-78e6-4771-8fbb-03a7f9c11149&SortType=1&SearchAdvanced=False&Language=1028
469,自來水園區-自來水博物館,(02)8733-5678,臺北市中正區思源街1號,121.53002/25.012530,https://waterpark.water.gov.taipei/Default.aspx
470,金樽遊憩區,089-841520,臺東縣東河鄉台11線約148公里處,121.27990/22.945168,http://www.eastcoast-nsa.gov.tw/zh-tw/Attractions/Detail/16
471,蘇澳燈塔,Oops!,宜蘭縣蘇澳鎮北方澳鼻,121.88478/24.59989,https://lighthouse.motcmpb.gov.tw/lighthouse_3_24.html
472,利吉惡地,089-551-637,臺東縣卑南鄉利吉村,121.13812/22.815453,http://www.erv-nsa.gov.tw/user/Article.aspx?Lang=1&SNo=03000059
473,好美寮自然保護區,05-347-5979,嘉義縣布袋鎮好美里,120.13124/23.363065,https://swcoast-nsa.travel/zh-tw/attraction/details/46
474,影像博物館,03-528-5840~2,新竹市東區中正路65號,120.96968/24.804964,"https://culture.hccg.gov.tw/ch/home.jsp?id=147&parentpath=0,145"
475,馬武督探索森林,03-547-8645,新竹縣關西鎮錦山里12鄰138-3號,121.27170/24.769269,http://www.discovery-forest.com.tw/
476,富貴角燈塔,02-2841-2611,臺北市士林區至善路二段282號,121.55157/25.100903,http://www.museum.org.tw
477,順益臺灣原住民博物館,Oops!,新北市石門區楓林路,121.53665/25.298555,https://lighthouse.motcmpb.gov.tw/lighthouse_3_25.html
478,忠孝觀光夜市,07-799-5678(高雄市政府觀光局),高雄市苓雅區忠孝二路與苓雅一路口,120.30797/22.620277,http://khh.travel/Article.aspx?a=6337&l=1
479,九九峰自然保留區,049-236-5226,南投縣草屯鎮,120.77168/23.994339,https://conservation.forest.gov.tw/0000127
480,關山親水公園,089-551-637,臺東縣關山鎮鎮隆盛路1號,121.17388/23.04025,http://www.erv-nsa.gov.tw/user/Article.aspx?Lang=1&SNo=03000157
481,宜蘭昭應宮,(03)935-3536,宜蘭縣宜蘭市中山路三段106號,121.75273/24.757674,http://travel.yilan.tw/zh-tw/attraction/details/416
482,清泉溫泉,(082)313-100,金門縣金湖鎮玉章路,118.41785/24.461369,https://kinmen.travel/zh-tw/travel/attraction/499
483,太武山,(03)585-1001,新竹縣五峰鄉清石道路,121.10410/24.575373,http://travel.hsinchu.gov.tw/Article/Details/17D16D8E-38EC-4A35-BCD4-5E72787128D3?collectionid=F60F0F0D-56DA-4995-8879-2CF3FED7AD88
484,仁義潭水庫,(05)276-9625,嘉義縣番路鄉,120.50225/23.461,https://www.tbocc.gov.tw/SightLib/Sight_Detail.aspx?id=b3ee56f1-63d3-e411-a5d3-e4115b13f301&page=1&&SearchPagSize_Data=10&SearchDisplay=close&SelectData_KeyWord=all&SelectData_Place=80888a05-b6c7-e411-9805-e4115b13f301&SelectData_SightClass=all&lang=tw
485,新客家文化園區,07-316-5666,高雄市三民區同盟二路215號,120.29577/22.650598,http://khh.travel/Article.aspx?a=6208&l=1
486,大坡池,089-551637,臺東縣池上鄉 (臺9線322K東側轉入),121.22503/23.11873,http://www.erv-nsa.gov.tw/user/Article.aspx?Lang=1&SNo=03000162
487,太平洋公園,03-832-2141,花蓮縣花蓮市海濱街,121.60941/23.966327,http://tour-hualien.hl.gov.tw/POI/209
488,鰲鼓溼地,05-360-1801,嘉義縣東石鄉鰲鼓村,120.11924/23.506427,https://swcoast-nsa.travel/zh-tw/attraction/details/36
489,利稻,089-551-637,臺東縣海端鄉,121.02301/23.187017,https://tour.taitung.gov.tw/zh-tw/attraction/details/216
490,民俗文物館,08-3625630(南竿遊客中心),連江縣南竿鄉文化路,119.93440/26.149852,http://www.matsu-nsa.gov.tw/User/Attraction-Content.aspx?a=36&lang=1
491,新竹州廳(新竹市政府),03-531-9756(新竹市文化局),新竹市北區中正路120號,120.96884/24.806713,http://view.boch.gov.tw/NationalHistorical/ItemsPage.aspx?id=61
492,嘉義市立博物館,(05)278-0303,嘉義市東區忠孝路275-1號,120.45152/23.486985,http://www.cabcy.gov.tw/web/Museum/
493,臺北市立美術館,(02)2595-7656,臺北市中山區中山北路三段181號,121.52468/25.072631,https://www.tfam.museum/index.aspx?ddlLang=zh-tw
494,三貂角燈塔,02-24991300,新北市貢寮區福連村馬崗街38號,122.00156/25.00847,https://lighthouse.motcmpb.gov.tw/lighthouse_3_17.html
495,雲台山,08-3625630(南竿遊客中心),連江縣南竿鄉中央大道,119.92350/26.150353,http://www.matsu-nsa.gov.tw/User/Attraction-Content.aspx?a=581&lang=1
496,石門古戰場,08-732-0415,屏東縣車城鄉縣道199線,120.76145/22.112495,https://www.dbnsa.gov.tw/Scenery-Content.aspx?lang=1&sno=04006733
497,鹿谷鄉農會茶葉文化館,049-275-1962,南投縣鹿谷鄉中正路一段231號,120.75699/23.741304,http://travel.nantou.gov.tw/detail.aspx?type=scenic&id=229
498,金門慈湖慈堤,(082)313-100,金門縣金寧鄉慈湖路三段,118.30140/24.463039,https://kinmen.travel/zh-tw/travel/attraction/508
499,鳳凰谷鳥園生態園區,049-275-0974,南投縣鹿谷鄉鳳凰村仁義路1-9號,120.79213/23.729885,http://travel.nantou.gov.tw/detail.aspx?type=scenic&id=265
500,碧山巖開漳聖王廟,02-2790-0657,臺北市內湖區碧山路24號,121.58765/25.097294,https://www.travel.taipei/zh-tw/attraction/details/67
501,理學堂大書院(牛津學堂),(02)2621-2121,新北市淡水區真理街32號(真理大學),121.43448/25.17602,https://www.travel.taipei/zh-tw/attraction/details/125
502,臺北霞海城隍廟,(02)2558-0346,臺北市大同區迪化街一段61號,121.51008/25.055568,https://www.travel.taipei/zh-tw/attraction/details/69
503,靜思精舍,(03)826-6779,花蓮縣新城鄉康樂村精舍街88巷1號,121.60146/24.054651,https://tour-hualien.hl.gov.tw/POI/47
504,東引島燈塔,0836-77037,連江縣東引鄉樂華村169號,120.51056/26.36578,https://lighthouse.motcmpb.gov.tw/lighthouse_3_32.html
505,大肚溪口野生動物保護區,04-2515-2585,臺中市龍井區,120.52190/24.179918,http://conservation.forest.gov.tw/0000137
506,風櫃洞,(06)921-6521,澎湖縣馬公市風櫃里,119.54373/23.537891,https://www.penghu-nsa.gov.tw/TravelInformationSceneryDetailC001200.aspx?Cond=c4139bcf-f1d4-4b50-919f-3afaeafd5f3a&language=1028&SearchAdvanced=false
507,目斗嶼,(06)993-3082,澎湖縣白沙鄉目斗嶼,119.60042/23.786306,https://www.penghu-nsa.gov.tw/TravelInformationSceneryDetailC001200.aspx?Cond=59016d36-54d4-4bc1-8230-e73731dc348d&language=1028&SearchAdvanced=false
508,奇萊鼻燈塔,Oops!,花蓮縣花蓮市華東路,121.64389/24.01594,https://lighthouse.motcmpb.gov.tw/lighthouse_3_19.html
509,石岡水壩,04-2572-2511(臺中市石岡區公所),臺中市石岡區豐勢路,120.76949/24.281482,http://travel.taichung.gov.tw/zh-tw/Attractions/Intro/82/
510,塭子頭紅樹林生態保護區,037-462-101,苗栗縣竹南鎮明勝路(五福大橋下),120.84343/24.666496,Oops!
511,松柏嶺森林公園,(049)273-2116,南投縣名間鄉名松路二段181號,120.63599/23.833922,http://travel.nantou.gov.tw/detail.aspx?type=scenic&id=306
512,嘉義市立文化中心,(05)278-8225,嘉義市東區忠孝路275號,120.45233/23.487285,http://www.cabcy.gov.tw/
513,錦屏溫泉,03-584-1001(尖石鄉公所),新竹縣尖石鄉錦屏村,121.22188/24.687752,http://travel.hsinchu.gov.tw/Article/Details/4383236E-670D-416E-994F-B6CD74803B95?collectionid=3D589A29-E58B-45C3-9861-1718A8963739
514,仁山植物園,(03)958-5991,宜蘭縣冬山鄉新寮路500號,121.75920/24.625174,http://renshan.e-land.gov.tw
515,參山國家風景區-松柏嶺遊客中心,(049)258-0525,南投縣名間鄉名松路二段181號,120.63599/23.833922,https://www.trimt-nsa.gov.tw/
516,玉山國家公園-南安遊客中心,03-888-7560,花蓮縣卓溪鄉卓清村83-3號,121.25843/23.301809,http://www.ysnp.gov.tw
517,芳苑燈塔,04-893-1073,彰化縣芳苑鄉王功村漁港七路146號,120.32416/23.971129,https://lighthouse.motcmpb.gov.tw/lighthouse_3_3.html
518,東莒島燈塔,0836-88283,連江縣莒光鄉福正村56之1號,119.99057/25.963987,https://lighthouse.motcmpb.gov.tw/lighthouse_3_2.html
519,松山文創園區,02-2765-1388,臺北市信義區光復南路133號,121.55932/25.043707,https://www.songshanculturalpark.org/
520,世界宗教博物館,(02)8231-6118,新北市永和區中山路一段236號7樓,121.50784/25.008117,http://www.mwr.org.tw
521,陽明海洋文化藝術館,02-2421-5681,基隆市仁愛區港西街4號,121.74007/25.132646,http://www.ocam.org.tw/
522,半邊井,04-777-2006,彰化縣鹿港鎮瑤林街12號,120.43299/24.056022,http://tourism.chcg.gov.tw/AttractionsContent.aspx?id=144&chk=39faddf0-c42e-4fd3-bd61-32a8202bf77e&param=pn=1&l=CH
523,嘉義市史蹟資料館,05-277-0518,嘉義市東區公園街42號,120.46776/23.481179,https://travel.chiayi.gov.tw/travel-content?id=50
524,吳沙故居,(03)988-1311,宜蘭縣礁溪鄉北門巷39號,121.75906/24.788504,https://travel.yilan.tw/zh-tw/attraction/details/73
525,彰化孔子廟,04-723-6746,彰化縣彰化市孔門路30號,120.54352/24.078519,http://tourism.chcg.gov.tw/AttractionsContent.aspx?id=22&chk=f0f97bd8-a457-499a-b869-614c9aa68709&param=pn=1&l=CH
526,麻豆代天府,06-572-2133,臺南市麻豆區南勢里關帝廟60號,120.26043/23.190226,https://www.twtainan.net/zh-tw/Attractions/Detail/479/
527,八通關古道,049-277-3121,南投縣信義鄉,121.24796/23.323745,https://www.ysnp.gov.tw/page.aspx?path=635&2
528,高雄市天文教育館,(07)813-1506(港和國小),高雄市小港區平和南路300號,120.3376/22.567914,http://khh.travel/Article.aspx?a=6221&l=1
529,蕃薯寮,03-867-1326,花蓮縣壽豐鄉,121.55583/23.746944,http://www.eastcoast-nsa.gov.tw/zh-tw/Attractions/Detail/8
530,東河休閒農場,089-891-193,臺東縣東河鄉67號,121.29994/23.074396,https://www.eastcoast-nsa.gov.tw/zh-tw/consume/detail/623
531,琉球嶼燈塔(白燈塔),Oops!,屏東縣琉球鄉忠孝路觀日公園,120.36653/22.32883,https://lighthouse.motcmpb.gov.tw/lighthouse_3_21.html
532,嵵裡沙灘,(06)921-6521,澎湖縣馬公市嵵裡里,119.56751/23.525743,https://www.penghu-nsa.gov.tw/TravelInformationSceneryDetailC001200.aspx?Cond=c11dd66f-a540-4ad3-ba2d-32f694c8bb69&language=1028&SearchAdvanced=false
533,日月潭慈恩塔,(049)285-0289,南投縣魚池鄉,120.92084/23.842025,https://www.sunmoonlake.gov.tw/zh-tw/attractions/detail/91
534,牛軋糖博物館,02-2268-7222,新北市土城區自強街31-2號,121.43259/24.972443,http://www.9420.com.tw/museum/te/homepage/te_homepage.html
535,礁溪協天廟,(03)988-2621,宜蘭縣礁溪鄉中山路一段51號,121.76908/24.818543,http://www.sttemple.org
536,觀音亭,(06)921-6521,澎湖縣馬公市介壽路7號,119.56206/23.567592,https://www.penghu-nsa.gov.tw/TravelInformationSceneryDetailC001200.aspx?Cond=74749e11-6e95-4a26-864d-100860ddeb05&language=1028&SearchAdvanced=false
537,白蘭氏健康博物館,04-781-0077,彰化縣鹿港鎮鹿工路18號,120.40072/24.077647,http://www.brands.com.tw/Meet-Us
538,駁二藝術特區,07-521-4899,高雄市鹽埕區大勇路1號,120.28165/22.619966,http://pier-2.khcc.gov.tw/
539,姑婆嶼,(06)993-3082,澎湖縣白沙鄉姑婆嶼,119.55555/23.715,https://www.penghu-nsa.gov.tw/TravelInformationSceneryDetailC001200.aspx?Cond=ce10f1c4-9d4a-43b9-ba32-cb82101b1ed2&language=1028&SearchAdvanced=false
540,大坵島,0836-56534(北竿遊客中心),連江縣北竿鄉大坵島,120.00155/26.246889,http://www.matsu-nsa.gov.tw/User/Attraction-Content.aspx?a=60&lang=1
541,高雄市立文化中心,(07)222-5136,高雄市苓雅區五福一路67號,120.31716/22.628246,http://www.khcc.gov.tw/
542,臺中市港區藝術中心,(04)2627-4568,臺中市清水區忠貞路21號,120.55847/24.270483,https://www.tcsac.gov.tw/
543,禪光寺,(03)862-1100~6,花蓮縣秀林鄉,121.60580/24.159251,Oops!
544,員貝嶼,(06)993-1527,澎湖縣白沙鄉員貝嶼,119.63388/23.648333,https://www.penghu-nsa.gov.tw/TravelInformationSceneryDetailC001200.aspx?Cond=027ca4a8-790c-45ed-b880-70142bceed76&language=1028&SearchAdvanced=false
545,國立海洋科技博物館,02-24690731,基隆市中正區北寧路367號,121.79760/25.140703,https://www.nmmst.gov.tw/chhtml/index.aspx
546,臺中孔廟,04-2234-2264,臺中市北區雙十路二段30號,120.68996/24.154324,http://travel.taichung.gov.tw/zh-tw/Attractions/Intro/41/
547,磺溪書院,04-2228-9111,臺中市大肚區文昌一街10號,120.53932/24.150077,http://travel.taichung.gov.tw/zh-tw/Attractions/Intro/275/
548,大佳碼頭,02-2720-8889,臺北市中山區大佳碼頭,121.54431/25.076053,https://www.travel.taipei/zh-tw/attraction/details/3
549,張連昌薩克斯風博物館‧觀光工廠,04-2557-8989,臺中市后里區公安路330-1號,120.69427/24.312532,http://sax.org.tw
550,鯉魚山公園,089-841-520,臺東縣臺東市博愛路,121.14214/22.755485,https://tour.taitung.gov.tw/zh-tw/attraction/details/312
551,彭佳嶼燈塔,Oops!,基隆市中正區彭佳嶼,122.07948/25.628805,https://lighthouse.motcmpb.gov.tw/lighthouse_3_34.html
552,美崙山,03-822-7171,花蓮縣花蓮市新興路,121.61416/23.992777,http://tour-hualien.hl.gov.tw/POI/50
553,高雄市立音樂館,07-531-5555,高雄市鹽埕區河西路99號,120.28686/22.627624,http://khh.travel/Article.aspx?a=6411&l=1
554,日月潭玄奘寺,(049)285-0220,南投縣魚池鄉日月村中正路389號,120.91713/23.847372,https://www.sunmoonlake.gov.tw/zh-tw/attractions/detail/43
555,許新旺陶瓷紀念博物館,02-2678-9571,新北市鶯歌區尖山埔路81號,121.34780/24.950934,http://www.shus.com.tw
556,北回歸線標誌公園,03-996-2726,宜蘭縣蘇澳鎮江夏路17號,121.86509/24.581911,Oops!
557,南方澳南天宮,03-887-5306,花蓮縣瑞穗鄉舞鶴村,121.35789/23.46552,https://www.erv-nsa.gov.tw/zh-tw/attractions/detail/52
558,向陽國家森林遊樂區,(089)337-167,臺東縣海端鄉,120.9852/23.2486,https://recreation.forest.gov.tw/Forest/RA?typ=0&typ_id=0700002
559,客家大院,(049)252-2836,彰化縣芬園鄉彰南路三段135巷100號,120.62796/24.002004,http://tourism.chcg.gov.tw/AttractionsContent.aspx?id=93&chk=5db7cf89-cff7-4e27-93c8-2020733fe94d&param=pn=1&l=CH
560,寶藏寺,(049)291-2248,南投縣埔里鎮中山路四段1號,120.94323/23.965617,http://www.neweraart.com.tw/
561,牛耳藝術渡假村,037-982-130,苗栗縣銅鑼鄉龍泉15號,120.80249/24.472699,https://miaolitravel.net/article.aspx?sNo=04004648
562,淡水港燈塔,Oops!,新北市淡水區中正路一段87巷,121.42044/25.17711,https://lighthouse.motcmpb.gov.tw/lighthouse_3_13.html
563,漁翁島燈塔,06-998-1766,澎湖縣西嶼鄉外垵村195號,119.46910/23.562543,https://www.penghu-nsa.gov.tw/TravelInformationMapC001200.aspx?appname=TravelInformationMapC00120003
564,永靖餘三館,04-725-0057,彰化縣永靖鄉中山路一段451巷2號,120.54221/23.912403,http://tourism.chcg.gov.tw/AttractionsContent.aspx?id=99&chk=5f50f143-08ee-45d3-b4a5-6a2dcc1847e6&param=pn=1&l=CH
565,臺灣府城隍廟,06-223-7316,臺南市中西區青年路133號,120.20906/22.991987,https://www.twtainan.net/zh-tw/Attractions/Detail/682/
566,安平燈塔,Oops!,臺南市安平區漁光路202號,120.14729/22.991041,https://lighthouse.motcmpb.gov.tw/lighthouse_3_35.html
567,國立臺灣藝術教育館,(02)2311-0574,臺北市中正區南海路47號,121.51206/25.032337,https://www.arte.gov.tw/
568,佛光山佛陀紀念館,07-656-3033分機4002,高雄市大樹區統嶺里統嶺路1號,120.44760/22.75501,http://www.fgsbmc.org.tw/
569,臺中港燈塔,Oops!,臺中市梧棲區臺中港一號碼頭遠東倉儲頂端,120.52322/24.28803,https://lighthouse.motcmpb.gov.tw/lighthouse_3_5.html
570,日月潭玄光寺,(049)285-0325,南投縣魚池鄉日月村中正路338號,120.91360/23.852096,https://www.sunmoonlake.gov.tw/zh-tw/attractions/detail/14
571,塭港堆燈塔,Oops!,雲林縣口湖鄉外傘頂洲,120.04087/23.445875,https://lighthouse.motcmpb.gov.tw/lighthouse_3_26.html
572,鼻頭角燈塔,Oops!,新北市瑞芳區鼻頭路,121.92353/25.12875,https://lighthouse.motcmpb.gov.tw/lighthouse_3_23.html
573,野柳燈塔,Oops!,新北市萬里區港東路野柳地質公園,121.69797/25.21406,https://lighthouse.motcmpb.gov.tw/lighthouse_3_8.html
574,杉原,089-841-520,臺東縣卑南鄉杉原,121.18528/22.831260,http://www.eastcoast-nsa.gov.tw/zh-tw/Attractions/Detail/163
575,意樓,04-777-2006,彰化縣鹿港鎮金盛巷,120.43565/24.053000,http://tourism.chcg.gov.tw/AttractionsContent.aspx?id=145&chk=ba109a34-b316-40dc-bb23-fccc485192c6&param=pn=1&l=CH
576,海山館,06-223-1380,臺南市安平區效忠街52巷3號,120.16263/23.001414,https://www.twtainan.net/zh-tw/Attractions/Detail/688/
577,國立臺灣工藝研究發展中心,049-233-4141,南投縣草屯鎮中正路573號,120.69185/23.980774,https://www.ntcri.gov.tw/
578,球子山燈塔,Oops!,基隆市中山區中山三路103巷,121.74392/25.14625,https://lighthouse.motcmpb.gov.tw/lighthouse_3_10.html
579,烏坵嶼燈塔,Oops!,金門縣烏坵鄉烏坵嶼,119.45303/24.99200,https://lighthouse.motcmpb.gov.tw/lighthouse_3_36.html
580,將軍澳嶼,(06)999-1575,澎湖縣望安鄉將軍澳嶼,119.53194/23.369166,https://www.penghu-nsa.gov.tw/TravelInformationSceneryDetailC001200.aspx?Cond=fa35034c-c7e6-47b8-9837-4022407e37f6&language=1028&SearchAdvanced=false
581,北海岸及觀音山國家風景區-和平島遊客中心,02-2463-5452,基隆市中正區平一路360號,121.76383/25.160790,https://www.northguan-nsa.gov.tw/user/main.aspx?Lang=1
582,花蓮港燈塔,Oops!,花蓮縣花蓮市花蓮街1號,121.61353/23.97472,https://lighthouse.motcmpb.gov.tw/lighthouse_3_33.html
583,鹿港文武廟,(04)777-2148,彰化縣鹿港鎮青雲路2號,120.43846/24.048821,http://tourism.chcg.gov.tw/AttractionsContent.aspx?id=105&chk=f13ee2ac-03eb-4f6d-89f4-0c6c3f825658&param=pn=1&l=CH
584,十宜樓,(04)777-2006,彰化縣鹿港鎮中山路147號,120.43517/24.053425,http://tourism.chcg.gov.tw/AttractionsContent.aspx?id=124&chk=2d0ebabc-61ef-466d-960d-0e379c9ddfe2&param=pn=1&l=CH
585,特有生物研究保育中心,(049)276-1331,南投縣集集鎮民生東路1號,120.80121/23.828355,https://www.tesri.gov.tw/
586,木生昆蟲博物館,(049)291-3311,南投縣埔里鎮南村路6-2號,120.94583/23.965556,http://www.insect.com.tw/
587,四四南村,(02)2723-7937,臺北市信義區松勤街50號,121.56193/25.031330,https://www.travel.taipei/zh-tw/attraction/details/45
588,目斗嶼燈塔,Oops!,澎湖縣白沙鄉目斗嶼,119.60042/23.786306,https://lighthouse.motcmpb.gov.tw/lighthouse_3_30.html
589,東吉嶼燈塔,Oops!,澎湖縣望安鄉東吉嶼,119.66949/23.261298,https://lighthouse.motcmpb.gov.tw/lighthouse_3_31.html
590,Satokoay（舞鶴）遺址,03-887-5306,花蓮縣瑞穗鄉舞鶴村,121.35939/23.470932,https://www.erv-nsa.gov.tw/zh-tw/attractions/detail/51
591,王英信美術館,049-257-2123,南投縣草屯鎮雙冬里中正路25號,120.8072/23.989118,http://www.wang-art.com.tw/index.php?lang=tw
592,紅毛港文化園區,07-871-1815,高雄市小港區南星路2808號,120.31792/22.550470,http://hongmaogang.khcc.gov.tw
593,蘭嶼燈塔,Oops!,臺東縣蘭嶼鄉西北端山頂,121.50408/22.081668,https://lighthouse.motcmpb.gov.tw/lighthouse_3_4.html#
594,古龍頭振威第,082-325-643,金門縣金寧鄉北山21號,118.31198/24.478424,http://kinmen.travel/zh-tw/travel/attraction/414
595,高美燈塔,04-2611-3924,臺中市清水區高美路748號,120.55120/24.31260,https://lighthouse.motcmpb.gov.tw/lighthouse_3_7.html
596,七美嶼燈塔,Oops!,澎湖縣七美嶼南角崖頂,119.42820/23.190136,https://lighthouse.motcmpb.gov.tw/lighthouse_3_15.html
597,東椗島燈塔,Oops!,金門縣金城鎮東椗島,118.23840/24.159264,https://lighthouse.motcmpb.gov.tw/lighthouse_3_16.html
598,查母嶼燈塔,Oops!,澎湖縣湖西鄉查母嶼,119.72479/23.534991,https://lighthouse.motcmpb.gov.tw/lighthouse_3_28.html
599,北椗島燈塔,Oops!,金門縣金湖鎮北椗島,118.50499/24.427067,https://lighthouse.motcmpb.gov.tw/lighthouse_3_18.html
600,花嶼燈塔,Oops!,澎湖縣望安鄉花嶼島,119.31628/23.402706,https://lighthouse.motcmpb.gov.tw/lighthouse_3_14.html
601,金山老街,Oops!,新北市金山區金包里街,121.63826/25.221823,https://www.northguan-nsa.gov.tw/user/Article.aspx?Lang=1&SNo=04002746
602,澎湖生活博物館,(06)921-0405,澎湖縣馬公市新生路327號,119.57959/23.567222,https://www.penghu-nsa.gov.tw/TravelInformationSceneryDetailC001200.aspx?Cond=5478950e-af62-4e78-a139-72cc04a7bcdd&language=1028&SearchAdvanced=false
603,貓鼻頭,(08)886-7520,屏東縣恆春鎮,120.73719/21.921678,https://www.dbnsa.gov.tw/Scenery-Content.aspx?lang=1&sno=04006747
604,北埔老街,03-580-2204,新竹縣北埔鄉北埔街,121.05778/24.699805,https://www.trimt-nsa.gov.tw/areadetail?id=83
605,陽明山中山樓,02-2861-6391,臺北市北投區陽明路二段15號,121.55265/25.155589,https://www.travel.taipei/zh-tw/attraction/details/26
606,潮境公園,02-24696000,基隆市中正區北寧路369巷,121.80252/25.142540,https://www.northguan-nsa.gov.tw/user/Article.aspx?Lang=1&SNo=04005331
607,鹿野觀光茶園,(089)550-152,臺東縣鹿野鄉高台路46號,121.12498/22.924001,http://www.erv-nsa.gov.tw/user/Article.aspx?Lang=1&SNo=03000151
608,茶二指故事館,049-258-3126,南投縣名間鄉埔中巷32號,120.64390/23.824907,http://www.fingertea.com.tw/
609,農科園區觀賞水族動物展示廳,(08)7620163,屏東縣長治鄉園西一路2號3樓,120.53175/22.715584,https://www.facebook.com/PABP.ECOA/
610,深坑老街,02-26623116,新北市深坑區深坑街,121.61416/25.001435,http://tour.ntpc.gov.tw/zh-tw/Attraction/Detail?wnd_id=60&id=109911
611,女王頭,02-24922016,新北市萬里區野柳里港東路167-1號,121.69312/25.208802,Oops!
612,老梅綠石槽,Oops!,新北市石門區老梅社區沿海,121.54547/25.292104,https://www.northguan-nsa.gov.tw/user/Article.aspx?Lang=1&SNo=04002497
613,雪霸國家公園-雪見遊憩區,037-962188,苗栗縣泰安鄉梅園村7鄰雪見10號,121.01333/24.424766,https://www.spnp.gov.tw/Site/Hiking/Xuejian
614,南庄老街,037-823115,苗栗縣南庄鄉桂花巷,120.99919/24.598963,https://miaolitravel.net/article.aspx?sNo=04004432
615,彩虹眷村,0920-162888,臺中市南屯區春安路56巷,120.60998/24.133937,http://www.1949rainbow.com.tw/
616,太平雲梯,(05)257-1215,嘉義縣梅山鄉太平村下坑仔5號,120.60008/23.559601,https://www.taipingbridge.tw/
617,國立故宮博物院南部院區,(05)362-0777,嘉義縣太保市故宮大道888號,120.29271/23.473129,https://south.npm.gov.tw/
618,湖口老街,Oops!,新竹縣湖口鄉湖鏡村湖口老街,121.05698/24.877052,http://travel.hsinchu.gov.tw/Article/Details/0C0CC746-4A27-4323-9BFD-89BA98AAE6DC?collectionid=87D77F74-500C-4F4C-BBCD-BC9DA8A46098
619,華山1914文化創意產業園區,02-23581914,臺北市中正區八德路一段1號,121.52940/25.044126,https://www.huashan1914.com/w/huashan1914/index
620,臺中國家歌劇院,(04)2251-1777,臺中市西屯區惠來路二段101號,120.64057/24.162892,http://www.npac-ntt.org/index
621,小烏來天空步道,03-3821835,桃園市復興區義盛村42號,121.37519/24.79064,https://travel.tycg.gov.tw/zh-tw/Travel/Attraction/583
622,竹圍漁港,03-3830993,桃園市大園區沙崙里1鄰漁港路451巷25號,121.24415/25.116838,https://travel.tycg.gov.tw/zh-tw/Travel/Attraction/188
623,光點台北,02-25117786,臺北市中山區中山北路2段18號,121.52216/25.053277,https://www.travel.taipei/zh-tw/attraction/details/36
624,壯圍沙丘旅遊服務園區,03-9382420,宜蘭縣壯圍鄉壯濱路二段196巷18號,121.81646/24.743865,https://www.necoast-nsa.gov.tw/Attraction-Content.aspx?a=286&l=1
625,陽明山溫泉,02-28613601,臺北市北投區竹子湖路1之20號,121.54768/25.155667,https://www.travel.taipei/zh-tw/attraction/details/10
626,林初埤木棉花道,06-685-5102,臺南市白河區玉豐里林初埤,120.40994/23.378123,https://www.siraya-nsa.gov.tw/MainWeb/article.aspx?L=1&SNO=04003045
627,淺水灣,037-462101,苗栗縣竹南鎮龍鳳里21鄰龍江街369巷15號,120.86390/24.697823,https://miaolitravel.net/article.aspx?sNo=04004411
628,龍鳳漁港,02-26364503,新北市三芝區淡金公路14.5-16.5公里處,121.46276/25.248238,https://www.northguan-nsa.gov.tw/user/article.aspx?Lang=1&SNo=04002470
629,通霄神社,037-996736,苗栗縣大湖鄉富興村八寮灣2-4號,120.87286/24.398096,https://miaolitravel.net/article.aspx?sNo=04004551
630,大湖草莓文化館,037-752104,苗栗縣通霄鎮中正路8號,120.68289/24.492372,https://miaolitravel.net/article.aspx?sNo=04004475
631,苗栗客家圓樓,037-732940,苗栗縣後龍鎮校椅里7鄰新港三路295號,120.82339/24.603496,https://miaolitravel.net/article.aspx?sNo=04006607
632,高跟鞋教堂,06-786-1000,嘉義縣布袋鎮海興街6號,120.14875/23.377751,https://swcoast-nsa.travel/zh-tw/attraction/details/493
633,張學良文化園區,03-5856613,新竹縣五峰鄉桃山村清泉256-6號,121.10560/24.572706,http://travel.hsinchu.gov.tw/Article/Details/4ECF9245-742D-4BF4-86FE-E83263557BFA?collectionid=F60F0F0D-56DA-4995-8879-2CF3FED7AD88
634,苑港觀光漁港,037-861171,苗栗縣苑裡鎮中山路133號,120.64849/24.460772,https://miaolitravel.net/article.aspx?sNo=04004491
635,汶水老街,037-931301,苗栗縣獅潭鄉竹木村,120.87530/24.457887,https://miaolitravel.net/article.aspx?sNo=04004322
636,永安漁港,03-4861017,桃園市新屋區永安村中山西路3段1165號,121.01506/24.98793,https://travel.tycg.gov.tw/zh-tw/Travel/Attraction/314
637,櫻木花道,Oops!,新北市三芝區大湖路,121.47744/25.248488,https://www.northguan-nsa.gov.tw/user/Article.aspx?Lang=1&SNo=04002738
638,鹿野高台,089-551637,臺東縣鹿野鄉永安村高台路46號,121.12507/22.923840,https://www.erv-nsa.gov.tw/zh-tw/attractions/detail/3
639,東石漁人碼頭(東石漁港),03-3322101,桃園市龍潭區三坑子,121.24799/24.84385,https://travel.tycg.gov.tw/zh-tw/Travel/Attraction/337
640,三坑老街,(05)362-1855,嘉義縣東石鄉彩霞大道420號,120.13731/23.450886,https://swcoast-nsa.travel/zh-tw/attraction/details/35
641,伯朗大道,089-862041,臺東縣池上鄉伯朗大道,121.21260/23.098776,https://tour.taitung.gov.tw/zh-tw/attraction/details/430
642,北投圖書館,02-28977682,臺北市北投區光明路251號,121.50637/25.136526,https://www.travel.taipei/zh-tw/attraction/details/212
643,富基漁港,Oops!,新北市石門區富基里臺2線約25公里處,121.53531/25.292606,https://www.northguan-nsa.gov.tw/user/Article.aspx?Lang=1&SNo=04002739
644,大溪橋,03-3322101,桃園市大溪區瑞安路一段,121.2839/24.88482,https://travel.tycg.gov.tw/zh-tw/Travel/Attraction/1003
645,中興文化創意園區,03-9699440,宜蘭縣五結鄉中正路二段6-8號,121.76973/24.694312,https://chccp.e-land.gov.tw/
646,綠世界生態農場,03-5801000,新竹縣北埔鄉大湖村7鄰20號,121.07110/24.698810,https://www.trimt-nsa.gov.tw/areadetail?id=94
647,多良車站,089-781301,臺東縣太麻里鄉多良村瀧溪路8-1號,120.95866/22.506779,Oops!
648,太平老街,05-533-2000,雲林縣斗六市太平路,120.60304/23.560528,https://tour.yunlin.gov.tw/tw/index.asp?au_id=69&sub_id=101&id=61
649,車埕車站,049-277-4981,南投縣水里鄉民權巷2號,120.86611/23.832615,http://travel.nantou.gov.tw/detail.aspx?type=scenic&id=319
650,雙心石滬,06-997-2154,澎湖縣七美鄉,119.44691/23.220255,https://www.penghu-nsa.gov.tw/TravelInformationSceneryDetailC001200.aspx?Cond=a98c092b-65f5-4b7e-bbb3-de16bf9be2cf&language=1028&SearchAdvanced=false
651,台西漁港,05-698-3947,雲林縣台西鄉海埔地海堤外側,120.17267/23.704214,https://tour.yunlin.gov.tw/tw/index.asp?au_id=69&sub_id=101&id=256
652,羅東林業文化區,03-9545114,宜蘭縣羅東鎮中正北路118號,121.77251/24.684067,https://luodong.forest.gov.tw/culture
653,石門風箏公園,Oops!,新北市石門區老梅社區老梅溪旁,121.54894/25.289925,https://www.northguan-nsa.gov.tw/user/Article.aspx?Lang=1&SNo=04002496
654,禮納里部落,08-7997418,屏東縣瑪家鄉瑪家村和平路1段63號,120.64406/22.699497,https://www.maolin-nsa.gov.tw/User/Article.aspx?Lang=1&SNo=04005297
655,礁溪溫泉公園,03-9872998,宜蘭縣礁溪鄉公園路16號,121.77626/24.830917,https://travel.yilan.tw/zh-tw/attraction/details/97
656,頂湖自然生態公園,(05)259-3900,嘉義縣阿里山鄉,120.72185/23.491319,https://www.ali-nsa.net/zh-tw/attractions/detail/143
657,大溪老茶廠,03-3825089,桃園市大溪區新峰里1鄰復興路二段732巷80號,121.32838/24.83065,https://www.daxitea.com/tw/
658,巴陵古道生態園區,03-391-2761(拉拉山遊客中心),桃園市復興區華陵村7鄰29號,121.37953/24.681848,https://travel.tycg.gov.tw/zh-tw/Travel/Attraction/605
659,虎尾鐵橋,05-552-3159,雲林縣虎尾鎮,120.43718/23.701737,https://tour.yunlin.gov.tw/tw/index.asp?au_id=69&sub_id=101&id=86
660,綠色隧道景觀公園,05-582-3200,雲林縣古坑鄉湳仔村湳仔路,120.54098/23.659291,https://tour.yunlin.gov.tw/tw/index.asp?au_id=69&sub_id=101&id=79
661,觀音濱海遊憩區,03-3322101,桃園市觀音區中興路458號,121.07466/25.04639,https://travel.tycg.gov.tw/zh-tw/Travel/Attraction/591
662,東港漁港漁產品直銷中心(華僑市場),08-8339969,屏東縣東港鎮朝隆路39號,120.44255/22.467915,https://www.dbnsa.gov.tw/Scenery-Content.aspx?lang=1&sno=04006694
663,松園別館,03-8356510,花蓮縣花蓮市松園街65號,121.61546/23.982609,http://www.pinegarden.com.tw/
664,花蓮文化創意產業園區,03-8312111,花蓮市中華路144號,121.60454/23.976134,Oops!
665,舊草嶺隧道,02-24991115,新北市貢寮區福隆村外隆林街,121.95838/25.003949,https://www.necoast-nsa.gov.tw/Attraction-Content.aspx?a=197&l=1
666,再見捌捌陸-臺灣眷村文化園區,07-5812886,高雄市左營區明德新村2、3、4、10、11號,120.28900/22.69249,http://khvillages.khcc.gov.tw/home02.aspx?ID=$8861&IDK=2&EXEC=L&DATA=2254&AP=$8861_HISTORY-0^$8861_PN-1
667,東隆宮,08-8322374,屏東縣東港鎮東隆街21-1號,120.44875/22.463056,https://www.dbnsa.gov.tw/Scenery-Content.aspx?lang=1&sno=04006692
668,篤行十村眷村文化園區,06-926-9100,澎湖縣馬公市新復里,119.56094/23.563854,https://www.penghu-nsa.gov.tw/TravelInformationSceneryDetailC001200.aspx?Cond=25208dca-5207-494c-92dc-ff370ba1869e&language=1028&SearchAdvanced=false
669,椬梧滯洪池,05-790-6601,雲林縣口湖鄉,120.17352/23.541502,Oops!
670,吉安慶修院,03-8535479,花蓮縣吉安鄉吉安村中興路345-1號,121.56495/23.973784,http://www.yoshino793.com.tw/
671,觸口天長地久橋,(05)259-3900,嘉義縣番路鄉,120.60729/23.438951,https://www.ali-nsa.net/zh-tw/attractions/detail/134
672,神威天臺山,07-6872106,高雄市六龜區新寮村三民路81號,120.61457/22.888189,https://www.maolin-nsa.gov.tw/User/Article.aspx?Lang=1&SNo=04001187
673,荷苞山咖啡園區,Oops!,雲林縣古坑鄉荷苞村,120.58428/23.659567,https://tour.yunlin.gov.tw/tw/index.asp?au_id=69&sub_id=101&id=260
674,圓潭自然生態園區,05-259-3900,嘉義縣竹崎鄉,120.65933/23.528943,https://www.ali-nsa.net/zh-tw/attractions/detail/213
675,阿里山森林鐵路車庫園區,05-278-7006,嘉義市東區林森西路2號,120.45204/23.485757,https://travel.chiayi.gov.tw/travel-content?id=10&lang=zh_TW
676,碧雲寺,06-685-2811,臺南市白河區仙草里火山路1號,120.48085/23.325231,https://www.siraya-nsa.gov.tw/mainweb/article.aspx?L=1&SNO=04000664
677,水晶教堂,06-786-2322,臺南市北門區北門里200號,120.12269/23.264280,https://swcoast-nsa.travel/zh-tw/attraction/details/486
678,崎峰濕地,08-8338100,屏東縣林邊鄉崎峰村成功路600號,120.50267/22.431772,https://www.dbnsa.gov.tw/Scenery-Content.aspx?lang=1&sno=04006709
679,貯木池,049-277-4981,南投縣水里鄉車埕村民權巷110-2號,120.86611/23.834521,https://www.sunmoonlake.gov.tw/zh-tw/attractions/detail/197
680,水火同源,06-682-3481,臺南市白河區關嶺里水火洞10-5號,120.48504/23.322131,https://www.siraya-nsa.gov.tw/mainweb/article.aspx?L=1&SNO=04000652
681,石門婚紗廣場,02-86355100,新北市石門區(2號省道24.3公里處),121.53142/25.287405,https://www.northguan-nsa.gov.tw/user/article.aspx?Lang=1&SNo=04002493
682,雲嘉南濱海國家風景區-口湖遊客中心,05-790-6601,雲林縣口湖鄉梧南村光明路163號,120.18227/23.548206,https://swcoast-nsa.travel/zh-tw/attraction/details/267
683,加路蘭遊憩區,089-280313,臺東縣臺東市台11線157公里處,121.19700/22.806500,https://www.eastcoast-nsa.gov.tw/zh-tw/Attractions/Detail/28
684,車埕木業展示館,049-287-1791,南投縣水里鄉車埕村民權巷110-2號,120.86587/23.833774,https://www.sunmoonlake.gov.tw/zh-tw/attractions/detail/22
685,寶來遊客服務區,07-6883882,高雄市六龜區寶來街1號,120.69865/23.107209,Oops!
686,日月潭纜車,049-285-0666#9,南投縣魚池鄉日月村中正路102號,120.93473/23.852248,https://www.sunmoonlake.gov.tw/zh-tw/attractions/detail/60
687,美綠生態園區,07-6851111,高雄市美濃區獅山里竹門14-2號,120.58181/22.873483,Oops!
688,牛埔仔草原,05-259-1585,嘉義縣番路鄉觸口村車埕7鄰15號,120.59158/23.443152,https://www.ali-nsa.net/zh-tw/attractions/detail/135
689,水社碼頭,049-285-5668,南投縣魚池鄉水社碼頭,120.91191/23.864501,https://www.sunmoonlake.gov.tw/zh-tw/attractions/detail/235
690,清水岩寺,04-873-2306,彰化縣社頭鄉清水村清水岩路1號,120.61373/23.886370,https://www.trimt-nsa.gov.tw/Web/ScenicSpotDetail.aspx?Cond=a33fb989-2760-40d5-be83-730e21f55466&DistrictCategory=9fa22625-fdc8-40f8-ba21-e9fd603e57ae
691,大農大富平地森林園區,08-8338100,屏東縣東港鎮鵬灣大道五段50號,120.47736/22.436592,https://www.dbnsa.gov.tw/Scenery-Content.aspx?lang=1&sno=04006698
692,濱灣公園,03-8700870#9,花蓮縣光復鄉農場路31號,121.41772/23.614854,https://www.erv-nsa.gov.tw/zh-tw/attractions/detail/193
693,谷關遊客中心,04-25951496,臺中市和平區東關路一段102號,121.00677/24.203326,https://www.trimt-nsa.gov.tw/areadetail?id=768
694,稻荷咖工作坊,06-681-6689,臺南市白河區草店里54號,120.43481/23.389447,Oops!
695,北海岸海灣探索館,02-86355100#174,新北市石門區德茂里下員坑33-6號,121.51911/25.283196,https://www.northguan-nsa.gov.tw/user/Article.aspx?Lang=1&SNo=04004318
696,隙頂象山觀景臺,(05)259-3900,嘉義縣番路鄉,120.66397/23.431459,https://www.ali-nsa.net/zh-tw/attractions/detail/140
697,向山自行車道,049-285-5668,南投縣魚池鄉中山路,120.90173/23.852933,https://www.sunmoonlake.gov.tw/zh-tw/attractions/detail/18
698,樂活襪之鄉博物館,04-872-0522,彰化縣社頭鄉社石路559號,120.60223/23.903237,http://www.loho.com.tw/
699,車埕遊客中心,049-291-6060,南投縣魚池鄉名勝街,23.864970/120.91154,https://www.sunmoonlake.gov.tw/zh-tw/attractions/detail/379
700,水社商圈,049-277-4981,南投縣水里鄉車埕村民權巷127號,120.86594/23.832053,https://www.sunmoonlake.gov.tw/zh-tw/attractions/detail/85
701,福井鐵道文物館,04-871-0350,彰化縣社頭鄉社斗路一段336號,120.58521/23.896964,https://www.facebook.com/FuJingShiTang/
702,台灣手套博物館,04-873-6168,彰化縣社頭鄉織襪一路8號,120.60321/23.902685,https://www.good-hand.com.tw/
703,清水岩生態展示中心,04-871-0306,彰化縣社頭鄉清水村清水岩路1-1號,120.61352/23.885726,https://www.trimt-nsa.gov.tw/areadetail?id=129
704,就是愛荔枝樂園,04-859-0909,彰化縣芬園鄉中山路167號,120.62583/24.002222,https://www.trimt-nsa.gov.tw/areadetail?id=185
705,錢來也雜貨店,06-786-2627,臺南市北門區舊埕187號,120.12395/23.268065,https://swcoast-nsa.travel/zh-tw/attraction/details/138
706,八田與一紀念園區,06-6982103,臺南市官田區嘉南里68-2號,120.36480/23.213932,https://www.siraya-nsa.gov.tw/mainweb/article.aspx?L=1&SNO=04003037
707,隘門沙灘,06-9216521,澎湖縣湖西鄉隘門村,119.63890/23.554780,https://www.penghu-nsa.gov.tw/TravelInformationSceneryDetailC001200.aspx?Cond=b1a218f8-898e-4c93-85f7-e82513cb6fe8&language=1028&SearchAdvanced=false
708,大菓葉柱狀玄武岩,06-921-6521,澎湖縣西嶼鄉池東村10號,119.51638/23.595361,https://www.penghu-nsa.gov.tw/TravelInformationSceneryDetailC001200.aspx?Cond=d04d4a89-9d51-495a-a317-2aa1c00ea0e7&SortType=1&SearchAdvanced=False&Language=1028
709,關山米國學校,089-814903,臺東縣關山鎮昌林路24-1號,121.16873/23.061021,https://tour.taitung.gov.tw/zh-tw/attraction/details/459
710,林班道體驗工廠,049-277-7462,南投縣水里鄉車埕村民權巷4號,120.86543/23.832276,https://www.sunmoonlake.gov.tw/zh-tw/attractions/detail/84
711,美雅家具觀光工廠,06-6817456,臺南市白河區甘宅里101-1號,120.43309/23.382704,http://www.meiyafurniture.com.tw/
712,洲南鹽場,05-347-8817,嘉義縣布袋鎮新厝仔402號,120.16737/23.383929,https://swcoast-nsa.travel/zh-tw/attraction/details/301
713,經國先生紀念堂,08-3623146#102,連江縣南竿鄉清水村136-1號,119.93432/26.150728,https://www.matsu-nsa.gov.tw/user/Attraction-Content.aspx?a=31&l=1
714,馬祖境天后宮,08-3622913,連江縣南竿鄉馬祖村4-1號,119.91687/26.160870,https://www.matsu-nsa.gov.tw/user/Attraction-Content.aspx?a=244&l=1
715,南竿遊客中心,08-3625630,連江縣南竿鄉仁愛村95-2號,119.92742/26.141103,https://www.matsu-nsa.gov.tw/user/Attraction-Content.aspx?a=64&l=1
716,布農部落休閒農場,089-561211,臺東縣延平鄉桃源村11鄰191號,121.09086/22.905648,https://www.erv-nsa.gov.tw/user/Article.aspx?Lang=1&SNo=03000148
717,北寮遊憩區,06-921-6521,澎湖縣湖西鄉北寮村,119.67175/23.598599,https://www.penghu-nsa.gov.tw/TravelInformationSceneryDetailC001200.aspx?Cond=0947d150-504e-425c-9920-cd5fa2652527&language=1028&SearchAdvanced=false
718,福源老茶廠,03-4792533,桃園市龍潭區竹龍路590巷56號,121.19963/24.865188,https://www.fuyuan-tea.com/
719,津沙聚落,08-3625630,連江縣南竿鄉津沙村,119.91320/26.146136,https://www.matsu-nsa.gov.tw/user/Attraction-Content.aspx?a=39&l=1
720,小門地質館,06-998-2988,澎湖縣西嶼鄉11-12號,119.51723/23.653902,https://www.penghu-nsa.gov.tw/TravelInformationSceneryDetailC001200.aspx?Cond=0ed68fac-2953-40d0-b313-71fde899328e&Keyword=%e5%b0%8f%e9%96%80&SortType=1&SearchAdvanced=False&Language=1028
721,中央老街,06-921-6521,澎湖縣馬公市中央街,119.56487/23.564864,https://www.penghu-nsa.gov.tw/TravelInformationSceneryDetailC001200.aspx?Cond=fc0fbcca-8b66-4629-8d5b-694881eb5e3f&language=1028&SearchAdvanced=false
722,成功海洋環境教室,0978-236307,臺東縣成功鎮港邊路1-5號1樓,121.38289/23.09766,https://www.eastcoast-nsa.gov.tw/zh-tw/Attractions/Detail/240
723,都蘭紅糖文化園區,089-530187,臺東縣東河鄉都蘭村61號,121.22654/22.872392,https://www.eastcoast-nsa.gov.tw/zh-tw/Attractions/Detail/34
724,嶺頂公園,06-6823481,臺南市白河區關嶺里28-3號,120.50349/23.338281,https://www.twtainan.net/zh-tw/Attractions/Detail/591
725,新元昌紅茶產業文化館,089-551016,臺東縣鹿野鄉永安村永安路451號,121.11976/22.932797,http://www.089551016.com/
726,北竿遊客中心,08-3656531,連江縣北竿鄉坂里村47號,119.97456/26.216276,https://www.matsu-nsa.gov.tw/user/Attraction-Content.aspx?a=49&l=1
727,鄒族自然與文化中心,05-251-1982,嘉義縣阿里山鄉達邦村一鄰21號,120.74937/23.453945,Oops!
728,李子園小舖,06-6863327,臺南市東山區高原里李子園93號,120.50625/23.286907,https://www.siraya-nsa.gov.tw/mainweb/article.aspx?L=1&SNO=04003042
729,庫巴(男子集會所),05-259-3900,嘉義縣阿里山鄉達邦村,120.74960/23.454884,https://www.ali-nsa.net/zh-tw/attractions/detail/188
730,大漢據點,08-3625630,連江縣南竿鄉仁愛村95-1號,119.92814/26.142001,https://www.matsu-nsa.gov.tw/user/Attraction-Content.aspx?a=40&l=1
731,戰爭和平紀念館,08-3625631,連江縣北竿鄉北竿戰爭和平紀念園區,120.00854/26.220592,https://www.matsu-nsa.gov.tw/user/Attraction-Content.aspx?a=402&l=1
732,日警官舍,05-259-3900,嘉義縣阿里山鄉達邦村,120.74892/23.453702,https://www.ali-nsa.net/zh-tw/attractions/detail/186
733,綠島燈塔,089-672540,臺東縣綠島鄉中寮村燈塔1號,121.46647/22.67656,https://lighthouse.motcmpb.gov.tw/lighthouse_3_12.html
734,臺北市立兒童新樂園,02-2833-3823轉105、106,臺北市士林區承德路五段55號,121.51513/25.096667,https://www.tcap.taipei/
735,大溪中正公園,(03)332-2101,桃園市大溪區普濟路,121.28500/24.884996,https://travel.tycg.gov.tw/zh-tw/Travel/Attraction/395
736,立法院議政博物館,"04-22172900轉3571,3572",臺中市霧峰區中正路734號,120.70008/24.053330,https://aam.ly.gov.tw
737,富岡老街,(03)332-2101#6209,桃園市楊梅區中正路、信義路、民生街,121.08227/24.93642,https://travel.tycg.gov.tw/zh-tw/travel/attraction/977
738,圳頭里軍史公園,(03)332-2101#6209,桃園市大園區古亭路,121.1967/25.09342,https://travel.tycg.gov.tw/zh-tw/travel/attraction/1427
739,郭元益糕餅博物館,(03)496-2201#1,桃園市楊梅區幼獅工業區青年路9巷3號,121.16736/24.928922,https://travel.tycg.gov.tw/zh-tw/travel/attraction/118
740,范姜老屋群,(03)477-7343,桃園市新屋區中正路110巷1、2、3、6、9號,121.10444/24.976194,https://travel.tycg.gov.tw/zh-tw/travel/attraction/308
741,稻米故事館,(03)477-2124#202,桃園市新屋區中華路242號（新屋區農會內）,121.10758/24.972325,https://travel.tycg.gov.tw/zh-tw/travel/attraction/976
742,功維敘隧道,037-331-910,苗栗縣苗栗市貓裏山公園旁,120.81096/24.554356,https://tunnel.work.idv.tw/
743,六堆客家文化園區,08-723-0100,屏東縣內埔鄉建興村信義路588號,120.55881/22.658418,https://thcdc.hakka.gov.tw/wSite/mp?mp=3
744,臺灣蠶蜂昆蟲教育園區,037-222-111,苗栗縣公館鄉館南村261號,120.82548/24.495490,https://www.mdais.gov.tw/index.php
745,美濃湖,07-681-2433,高雄市美濃區民權路與泰安路交叉口附近,120.55453/22.908059,https://khh.travel/Article.aspx?a=6853&l=1&stype=1057&sitem=4102
746,美濃客家文物館,07-681-8338,高雄市美濃區民族路49-3號,120.55754/22.911074,https://meeinonghakka.kcg.gov.tw/Default.aspx
747,明德水庫風景區,037-985-558,苗栗縣銅鑼鄉九湖村銅科南路6號,120.77124/24.462385,https://thcdc.hakka.gov.tw/wSite/mp?mp=1
748,臺灣客家文化館,037-335-911,苗栗縣頭屋鄉明德村54號,120.88677/24.584586,https://miaolitravel.net/article.aspx?sNo=04004654
749,台灣油礦陳列館,037-221-300#235,苗栗縣公館鄉開礦村36號,120.85601/24.460023,http://chk.cpc.com.tw/index.html
750,屏東縣客家文物館,08-769-4722,屏東縣竹田鄉西勢村龍門路97號,120.52319/22.618267,http://pthkm.org.tw/
751,鄉土藝術館(邱家古厝),08-722-7699,屏東縣屏東市田寮巷26號,120.50721/22.673188,https://www.cultural.pthg.gov.tw/p09_2.aspx?ID=7
752,捎來步道,04-2595-1496,臺中市和平區捎來步道,121.00572/24.205635,https://www.trimt-nsa.gov.tw/areadetail?id=769
753,玉富自行車道,03-8821725(羅山管理站),玉富自行車道,121.31115/23.328684,https://www.erv-nsa.gov.tw/zh-tw/attractions/detail/196
754,六堆忠義亭,08-778-1508,屏東縣竹田鄉西勢村龍門路99號,120.52338/22.617692,https://www.pthg.gov.tw/townjtt/Content_List.aspx?n=7E40FC6F47972126
