,hash_tag
0,#逛老街#賞夜景#非吃不可
1,#逛老街#非吃不可
2,#打卡熱點#非吃不可#逛夜市
3,#地質奇觀#打卡熱點#拍婚紗#無障礙
4,#打卡熱點#夏天戲水#單車漫遊#逛老街
5,#賞花#生態體驗#登山步道#泡溫泉#國家風景區
6,#泡溫泉#生態體驗#逛老街
7,#浪漫約會#送夕陽#親子共遊#夏天戲水
8,#看展覽#博物館#親子共遊
9,#寺廟祈福#打卡熱點#古蹟巡禮
10,#打卡熱點#單車漫遊
11,#非吃不可#逛夜市
12,#生態體驗#打卡熱點#送夕陽#浪漫約會
13,#地質奇觀#觀景平台
14,#無障礙#拍婚紗#單車漫遊#觀景平台#國家風景區
15,#逛老街#鐵道旅遊
16,#古蹟巡禮#鐵道旅遊#打卡熱點
17,#單車漫遊#親子共遊#浪漫約會#賞夜景
18,#泡溫泉#親子共遊
19,#非吃不可#逛夜市
20,#逛老街#泡溫泉#單車漫遊
21,#逛夜市#非吃不可#親子共遊
22,#生態體驗#逛老街#無障礙
23,#夏天戲水#無障礙#迎曙光
24,#部落旅遊#生態體驗#無障礙#單車漫遊#國家風景區
25,#打卡熱點#賞夜景
26,#生態體驗#地質奇觀#夏天戲水#國家風景區
27,#生態體驗#登山步道#國家風景區
28,#生態體驗#觀景平台
29,#古蹟巡禮#戰地文化
30,#古蹟巡禮#親子共遊#看展覽#生態體驗
31,#無障礙#單車漫遊#夏天戲水#看海景#國家風景區
32,#無障礙
33,#打卡熱點#逛老街#非吃不可
34,#親子共遊#生態體驗
35,#地質奇觀#親子共遊#夏天戲水#無障礙
36,#浪漫約會#生態體驗#看展覽
37,#打卡熱點#古蹟巡禮
38,#登山步道#生態體驗#打卡熱點
39,#逛老街#古蹟巡禮#非吃不可
40,#非吃不可#逛夜市
41,#賞花#迎曙光#登山步道#無障礙
42,#泡溫泉
43,#逛老街#鐵道旅遊
44,#觀景平台#打卡熱點
45,#打卡熱點#古蹟巡禮
46,#打卡熱點
47,#打卡熱點
48,#打卡熱點#夏天戲水#單車漫遊#地質奇觀
49,#逛老街
50,#登山步道#賞花
51,#生態體驗#夏天戲水#單車漫遊#無障礙#國家風景區
52,#地質奇觀#觀景平台
53,#逛老街#博物館
54,#泡溫泉#部落旅遊
55,#親子共遊
56,#古蹟巡禮#拍婚紗#親子共遊
57,#生態體驗#賞花#單車漫遊#登山步道
58,#生態體驗#賞花#打卡熱點#登山步道
59,#送夕陽#浪漫約會
60,#登山步道#生態體驗#國家風景區
61,#地質奇觀#生態體驗#夏天戲水#拍婚紗#國家風景區
62,#打卡熱點#賞花#部落旅遊
63,#打卡熱點#古蹟巡禮
64,#登山步道#泡溫泉#生態體驗
65,#古蹟巡禮#送夕陽
66,#博物館#看展覽
67,#生態體驗#登山步道#賞花
68,#寺廟祈福
69,#親子共遊
70,#泡溫泉
71,#單車漫遊#浪漫約會#打卡熱點#親子共遊
72,#浪漫約會#單車漫遊#親子共遊#地質奇觀
73,#戰地文化#古蹟巡禮
74,#無障礙#泡溫泉
75,#古蹟巡禮
76,#無障礙#生態體驗#單車漫遊#親子共遊
77,#賞花#迎曙光#無障礙#登山步道#國家風景區
78,#賞花#親子共遊#生態體驗
79,#寺廟祈福
80,#生態體驗#觀景平台#登山步道
81,#地質奇觀
82,#打卡熱點#非吃不可#親子共遊
83,#非吃不可#看海景#親子共遊
84,#泡溫泉
85,#泡溫泉
86,#生態體驗#登山步道#觀景平台
87,#夏天戲水#親子共遊
88,#登山步道#生態體驗#迎曙光#賞花
89,#打卡熱點#單車漫遊#親子共遊
90,#賞夜景#寺廟祈福#親子共遊
91,#地質奇觀
92,#古蹟巡禮#寺廟祈福
93,#看海景#打卡熱點#非吃不可
94,#無障礙#部落旅遊
95,#寺廟祈福#登山步道
96,#泡溫泉
97,#夏天戲水#無障礙#海灣旅遊#親子共遊
98,#單車漫遊#打卡熱點#浪漫約會
99,#生態體驗#賞花#單車漫遊#國家風景區
100,#單車漫遊#賞夜景#浪漫約會
101,#觀景平台#賞夜景#打卡熱點
102,#生態體驗#登山步道#觀景平台#親子共遊
103,#打卡熱點#夏天戲水#泡溫泉#生態體驗
104,#部落旅遊#無障礙#生態體驗#浪漫約會#國家風景區
105,#親子共遊
106,#寺廟祈福
107,#賞夜景#地質奇觀
108,#生態體驗#親子共遊
109,#生態體驗#親子共遊
110,#親子共遊
111,#打卡熱點#看海景
112,#打卡熱點#親子共遊
113,#看海景#打卡熱點
114,#無障礙#地質奇觀#觀景平台
115,#無障礙#迎曙光#打卡熱點
116,#逛老街#非吃不可
117,#古蹟巡禮
118,#打卡熱點
119,#泡溫泉#親子共遊
120,#生態體驗#賞花#浪漫約會#親子共遊
121,#地質奇觀#登山步道#生態體驗
122,#看展覽#打卡熱點
123,#逛老街#鐵道旅遊#賞花#漫遊客庄
124,#生態體驗#親子共遊
125,#生態體驗#鐵道旅遊
126,#博物館#看展覽
127,#博物館#看展覽#打卡熱點
128,#登山步道#夏天戲水
129,#打卡熱點
130,#生態體驗
131,#古蹟巡禮#戰地文化
132,#生態體驗
133,#古蹟巡禮#看展覽
134,#生態體驗#登山步道#迎曙光#賞花
135,#浪漫約會#親子共遊#賞夜景
136,#打卡熱點#逛夜市#非吃不可
137,#生態體驗#親子共遊#博物館
138,#單車漫遊#鐵道旅遊#逛老街#登山步道
139,#生態體驗
140,#親子共遊#夏天戲水#無障礙
141,#地質奇觀#登山步道#觀景平台
142,#夏天戲水#親子共遊#無障礙
143,#地質奇觀#賞夜景#送夕陽
144,#泡溫泉#親子共遊#無障礙
145,#寺廟祈福
146,#親子共遊#夏天戲水#看海景
147,#地質奇觀#登山步道
148,#部落旅遊#無障礙
149,#寺廟祈福#打卡熱點#親子共遊
150,#博物館#親子共遊#夏天戲水
151,#古蹟巡禮
152,#打卡熱點
153,#看海景#看展覽#親子共遊
154,#賞花#生態體驗#觀景平台
155,#博物館#看展覽
156,#打卡熱點#地質奇觀#觀景平台
157,#寺廟祈福
158,#逛老街#單車漫遊#送夕陽
159,#逛夜市
160,#浪漫約會
161,#賞花#看展覽
162,#登山步道#地質奇觀#生態體驗#賞花
163,#部落旅遊#賞花
164,#打卡熱點
165,#賞夜景
166,#泡溫泉
167,#打卡熱點
168,#生態體驗#登山步道#觀景平台#泡溫泉
169,#打卡熱點#古蹟巡禮#戰地文化
170,#寺廟祈福
171,#寺廟祈福
172,#親子共遊#夏天戲水#看海景#無障礙
173,#看海景
174,#漫遊客庄
175,#生態體驗#部落旅遊
176,#無障礙#古蹟巡禮#戰地文化
177,#親子共遊#生態體驗#夏天戲水
178,#登山步道#生態體驗
179,#生態體驗#部落旅遊
180,#戰地文化
181,#打卡熱點#古蹟巡禮#戰地文化
182,#部落旅遊#打卡熱點#地質奇觀#生態體驗
183,#無障礙#打卡熱點#單車漫遊#生態體驗
184,#部落旅遊#生態體驗
185,#無障礙#古蹟巡禮
186,#打卡熱點
187,#生態體驗#親子共遊
188,#博物館#看展覽#親子共遊
189,#生態體驗#登山步道
190,#古蹟巡禮#戰地文化
191,#登山步道#親子共遊#生態體驗
192,#生態體驗
193,#親子共遊
194,#泡溫泉
195,#單車漫遊#生態體驗#夏天戲水
196,#無障礙#看展覽
197,#登山步道#生態體驗#觀景平台#賞花
198,#逛老街#非吃不可
199,#親子共遊#夏天戲水#觀景平台#戰地文化
200,#打卡熱點#看展覽
201,#寺廟祈福#打卡熱點
202,#生態體驗#登山步道
203,#博物館#看展覽
204,#地質奇觀
205,#生態體驗#賞花
206,#看海景#夏天戲水#打卡熱點
207,#看展覽#打卡熱點#親子共遊
208,#古蹟巡禮#看展覽#拍婚紗
209,#賞夜景
210,#親子共遊#生態體驗
211,#部落旅遊#泡溫泉#生態體驗#無障礙
212,#戰地文化
213,#地質奇觀#生態體驗
214,#單車漫遊#親子共遊
215,#生態體驗#親子共遊
216,#地質奇觀
217,#賞花#親子共遊
218,#登山步道#生態體驗
219,#泡溫泉
220,#泡溫泉#親子共遊#古蹟巡禮
221,#看展覽#博物館#看展覽#親子共遊
222,#親子共遊#生態體驗
223,#生態體驗#親子共遊
224,#無障礙#親子共遊#生態體驗#單車漫遊
225,#寺廟祈福#古蹟巡禮
226,#地質奇觀#打卡熱點#看海景
227,#逛老街#古蹟巡禮#打卡熱點
228,#泡溫泉#迎曙光
229,#寺廟祈福#古蹟巡禮
230,#無障礙#地質奇觀
231,#賞花#送夕陽#觀景平台
232,#親子共遊#打卡熱點#夏天戲水
233,#登山步道#泡溫泉#生態體驗
234,#古蹟巡禮#寺廟祈福
235,#寺廟祈福
236,#地質奇觀#賞花#夏天戲水#泡溫泉#國家風景區
237,#博物館#看展覽
238,#親子共遊#生態體驗
239,#生態體驗#賞花#登山步道
240,#博物館#看展覽
241,#看展覽#親子共遊#看展覽
242,#博物館#打卡熱點#看展覽
243,#泡溫泉#生態體驗#登山步道
244,#古蹟巡禮
245,#地質奇觀
246,#地質奇觀#觀景平台#生態體驗#送夕陽
247,#生態體驗#登山步道#賞花#迎曙光
248,#古蹟巡禮#逛老街#寺廟祈福
249,#打卡熱點#看海景#燈塔
250,#單車漫遊#賞花#生態體驗
251,#寺廟祈福
252,#登山步道#生態體驗
253,#地質奇觀#打卡熱點
254,#無障礙#寺廟祈福
255,#地質奇觀
256,#生態體驗#送夕陽
257,#逛夜市#非吃不可
258,#古蹟巡禮#寺廟祈福
259,#無障礙#親子共遊#送夕陽
260,#生態體驗#登山步道#賞花#無障礙
261,#夏天戲水#海灣旅遊
262,#漫遊客庄#賞花#古蹟巡禮
263,#博物館#親子共遊#看展覽
264,#看展覽#親子共遊
265,#古蹟巡禮#戰地文化#生態體驗#國家風景區
266,#泡溫泉
267,#生態體驗#無障礙#國家風景區
268,#鐵道旅遊#單車漫遊#古蹟巡禮
269,#登山步道#生態體驗#國家風景區
270,#古蹟巡禮
271,#泡溫泉
272,#逛夜市#非吃不可
273,#古蹟巡禮
274,#看展覽
275,#寺廟祈福
276,#夏天戲水
277,#寺廟祈福
278,#打卡熱點#看展覽#看展覽#無障礙
279,#親子共遊
280,#泡溫泉
281,#生態體驗#親子共遊#單車漫遊
282,#生態體驗#親子共遊#賞花
283,#逛夜市#非吃不可
284,#地質奇觀#觀景平台
285,#打卡熱點#登山步道
286,#無障礙#賞夜景#打卡熱點
287,#生態體驗#登山步道#夏天戲水#親子共遊
288,#單車漫遊#送夕陽
289,#看海景#非吃不可
290,#博物館
291,#生態體驗#單車漫遊
292,#博物館
293,#寺廟祈福
294,#生態體驗#部落旅遊
295,#古蹟巡禮#寺廟祈福
296,#寺廟祈福
297,#古蹟巡禮#親子共遊
298,#無障礙#打卡熱點
299,#古蹟巡禮#逛老街#非吃不可#浪漫約會
300,#生態體驗#親子共遊#夏天戲水#單車漫遊
301,#古蹟巡禮
302,#無障礙
303,#泡溫泉
304,#登山步道#生態體驗#觀景平台
305,#泡溫泉#生態體驗#登山步道
306,#生態體驗#登山步道#國家風景區#無障礙
307,#生態體驗
308,#賞花
309,#寺廟祈福
310,#地質奇觀#生態體驗#登山步道
311,#地質奇觀#生態體驗
312,#古蹟巡禮#寺廟祈福
313,#夏天戲水#親子共遊
314,#生態體驗#親子共遊
315,#古蹟巡禮
316,#生態體驗
317,#觀景平台#地質奇觀#部落旅遊
318,#親子共遊#浪漫約會
319,#登山步道#打卡熱點#看展覽
320,#登山步道#迎曙光
321,#非吃不可#看海景#親子共遊
322,#博物館#看展覽
323,#古蹟巡禮#燈塔
324,#生態體驗#登山步道#賞花#國家風景區
325,#賞花#送夕陽
326,#寺廟祈福
327,#無障礙#登山步道#觀景平台
328,#夏天戲水#看展覽
329,#無障礙#戰地文化
330,#親子共遊#送夕陽#非吃不可
331,#賞花#登山步道#親子共遊
332,#古蹟巡禮#寺廟祈福
333,#單車漫遊#博物館#看展覽
334,#生態體驗
335,#看展覽#親子共遊
336,#登山步道#生態體驗
337,#古蹟巡禮
338,#無障礙#博物館#親子共遊
339,#生態體驗#親子共遊
340,#生態體驗#親子共遊
341,#觀景平台#生態體驗
342,#寺廟祈福
343,#打卡熱點#登山步道#賞花#觀景平台
344,#戰地文化
345,#古蹟巡禮
346,#博物館#親子共遊#看展覽
347,#生態體驗#無障礙#賞花#漫遊客庄
348,#單車漫遊#親子共遊
349,#寺廟祈福#古蹟巡禮
350,#地質奇觀#賞花#夏天戲水#泡溫泉
351,#戰地文化
352,#生態體驗#泡溫泉#部落旅遊
353,#單車漫遊#生態體驗
354,#看展覽#看展覽#打卡熱點
355,#拍婚紗#打卡熱點#觀景平台
356,#古蹟巡禮
357,#生態體驗#古蹟巡禮
358,#無障礙#生態體驗
359,#生態體驗
360,#無障礙#生態體驗#親子共遊
361,#古蹟巡禮
362,#寺廟祈福#古蹟巡禮
363,#親子共遊#生態體驗#賞花
364,#看展覽
365,#夏天戲水
366,#生態體驗
367,#生態體驗#夏天戲水
368,#打卡熱點
369,#古蹟巡禮#拍婚紗
370,#親子共遊#夏天戲水
371,#博物館#看展覽
372,#生態體驗
373,#地質奇觀
374,#古蹟巡禮#單車漫遊#送夕陽
375,#賞夜景#浪漫約會#登山步道#生態體驗
376,#古蹟巡禮#看展覽
377,#地質奇觀#生態體驗#觀景平台
378,#泡溫泉#登山步道#生態體驗
379,#看展覽#打卡熱點
380,#非吃不可
381,#寺廟祈福
382,#看展覽
383,#看海景#無障礙#夏天戲水#生態體驗#國家風景區
384,#生態體驗#登山步道
385,#部落旅遊
386,#登山步道#生態體驗
387,#登山步道#生態體驗
388,#逛夜市#非吃不可
389,#寺廟祈福
390,#古蹟巡禮
391,#親子共遊
392,#部落旅遊#生態體驗#夏天戲水
393,#賞夜景#浪漫約會#登山步道#生態體驗
394,#無障礙#寺廟祈福#觀景平台
395,#親子共遊#生態體驗
396,#無障礙#部落旅遊
397,#寺廟祈福
398,#看展覽#看展覽#親子共遊
399,#古蹟巡禮#單車漫遊
400,#親子共遊#看展覽
401,#地質奇觀#賞花#打卡熱點
402,#部落旅遊#生態體驗#夏天戲水#單車漫遊
403,#燈塔
404,#古蹟巡禮
405,#非吃不可#看海景
406,#親子共遊#夏天戲水
407,#親子共遊
408,#古蹟巡禮
409,#夏天戲水#親子共遊#登山步道#賞花
410,#生態體驗#登山步道#親子共遊
411,#親子共遊
412,#生態體驗#戰地文化#國家風景區
413,#親子共遊#生態體驗#打卡熱點
414,#部落旅遊
415,#親子共遊
416,#生態體驗#登山步道
417,#部落旅遊
418,#生態體驗
419,#古蹟巡禮#戰地文化
420,#生態體驗#親子共遊
421,#看展覽#看展覽#親子共遊
422,#看展覽
423,#親子共遊
424,#地質奇觀#生態體驗#觀景平台
425,#生態體驗
426,#生態體驗#登山步道
427,#浪漫約會
428,#地質奇觀#觀景平台
429,#生態體驗#登山步道#賞花#漫遊客庄
430,#生態體驗#親子共遊
431,#生態體驗
432,#打卡熱點#生態體驗
433,#燈塔
434,#地質奇觀#生態體驗#泡溫泉
435,#拍婚紗
436,#打卡熱點
437,#看展覽#看展覽
438,#生態體驗#觀景平台#登山步道
439,#寺廟祈福
440,#生態體驗#泡溫泉#親子共遊#部落旅遊
441,#生態體驗#無障礙
442,#親子共遊#生態體驗
443,#地質奇觀#生態體驗
444,#看展覽
445,#生態體驗#賞花#單車漫遊
446,#賞夜景#燈塔#打卡熱點
447,#看展覽
448,#夏天戲水#生態體驗#親子共遊
449,#生態體驗#登山步道#賞花
450,#單車漫遊#生態體驗
451,#逛老街
452,#無障礙#親子共遊#生態體驗
453,#博物館#古蹟巡禮#親子共遊#夏天戲水
454,#觀景平台#無障礙
455,#燈塔
456,#地質奇觀
457,#生態體驗
458,#博物館
459,#生態體驗#登山步道#親子共遊
460,#博物館#看展覽
461,#打卡熱點#看海景#燈塔
462,#逛夜市#非吃不可
463,#地質奇觀#生態體驗
464,#單車漫遊#親子共遊#夏天戲水#觀景平台
465,#古蹟巡禮#寺廟祈福
466,#古蹟巡禮
467,#泡溫泉
468,#送夕陽
469,#親子共遊
470,#無障礙#單車漫遊
471,#單車漫遊#親子共遊#夏天戲水
472,#生態體驗
473,#部落旅遊
474,#無障礙
475,#古蹟巡禮
476,#博物館#看展覽
477,#看展覽#看展覽#親子共遊
478,#打卡熱點#拍婚紗#燈塔
479,#無障礙#登山步道#戰地文化
480,#古蹟巡禮#戰地文化
481,#看展覽#親子共遊
482,#生態體驗
483,#生態體驗#親子共遊#登山步道
484,#寺廟祈福#賞夜景
485,#古蹟巡禮
486,#寺廟祈福#古蹟巡禮
487,#寺廟祈福
488,#送夕陽#看海景#燈塔
489,#生態體驗
490,#地質奇觀
491,#燈塔
492,#單車漫遊#生態體驗
493,#生態體驗
494,#登山步道#親子共遊#生態體驗
495,#博物館#看展覽#看展覽
496,#泡溫泉
497,#觀景平台#登山步道
498,#寺廟祈福#登山步道#生態體驗#單車漫遊
499,#登山步道#生態體驗
500,#燈塔#看海景
501,#燈塔
502,#博物館#看展覽#親子共遊
503,#看展覽#看展覽#親子共遊
504,#逛老街
505,#古蹟巡禮#看展覽
506,#古蹟巡禮
507,#古蹟巡禮#寺廟祈福
508,#寺廟祈福#親子共遊
509,#登山步道#古蹟巡禮
510,#親子共遊
511,#地質奇觀
512,#登山步道#生態體驗
513,#燈塔
514,#夏天戲水#親子共遊
515,#登山步道
516,#博物館#親子共遊
517,#寺廟祈福
518,#古蹟巡禮#夏天戲水#送夕陽
519,#博物館
520,#地質奇觀
521,#生態體驗#戰地文化
522,#看展覽
523,#看展覽#看展覽
524,#寺廟祈福
525,#地質奇觀
526,#親子共遊#博物館#看展覽#無障礙
527,#寺廟祈福
528,#古蹟巡禮
529,#單車漫遊
530,#看展覽#博物館#看展覽
531,#登山步道#觀景平台
532,#燈塔
533,#生態體驗#親子共遊#登山步道
534,#看展覽#打卡熱點
535,#寺廟祈福#登山步道
536,#博物館
537,#寺廟祈福
538,#打卡熱點
539,#生態體驗
540,#古蹟巡禮#登山步道#親子共遊
541,#看展覽#生態體驗#賞花
542,#漫遊客庄
543,#燈塔
544,#無障礙#古蹟巡禮#打卡熱點#燈塔
545,#古蹟巡禮
546,#寺廟祈福#古蹟巡禮
547,#燈塔
548,#看展覽#看展覽
549,#看展覽#打卡熱點#親子共遊
550,#燈塔
551,#無障礙#寺廟祈福
552,#燈塔
553,#燈塔
554,#燈塔
555,#夏天戲水#生態體驗#親子共遊
556,#逛老街
557,#古蹟巡禮
558,#看展覽#親子共遊
559,#燈塔
560,#燈塔
561,#地質奇觀
562,#地質奇觀#生態體驗#夏天戲水#拍婚紗
563,#燈塔
564,#古蹟巡禮#寺廟祈福
565,#逛老街
566,#生態體驗#親子共遊
567,#博物館#生態體驗#親子共遊
568,#打卡熱點#親子共遊
569,#燈塔
570,#燈塔
571,#部落旅遊
572,#看展覽
573,#燈塔
574,#古蹟巡禮
575,#燈塔
576,#燈塔
577,#燈塔
578,#燈塔
579,#燈塔
580,#燈塔
581,#逛老街#非吃不可
582,#博物館
583,#生態體驗#打卡熱點
584,#無障礙#逛老街#古蹟巡禮
585,#古蹟巡禮#賞花#看展覽
586,#生態體驗
587,#親子共遊
588,#親子共遊
589,#逛老街#非吃不可
590,#地質奇觀#打卡熱點
591,#地質奇觀#打卡熱點#拍婚紗
592,#生態體驗#登山步道
593,#逛老街#漫遊客庄#非吃不可
594,#打卡熱點
595,#送夕陽#賞夜景#打卡熱點
596,#看展覽#打卡熱點#博物館#無障礙
597,#逛老街
598,#打卡熱點#看展覽#看展覽
599,#打卡熱點#生態體驗
600,#送夕陽#非吃不可#看海景
601,#古蹟巡禮#看展覽
602,#無障礙#生態體驗#親子共遊#單車漫遊
603,#泡溫泉
604,#無障礙#賞花#單車漫遊
605,#賞夜景#單車漫遊#觀景平台#非吃不可
606,#無障礙#夏天戲水#親子共遊#送夕陽
607,#非吃不可#打卡熱點
608,#漫遊客庄
609,#無障礙#拍婚紗#打卡熱點#浪漫約會
610,#親子共遊#賞夜景#非吃不可
611,#逛老街#漫遊客庄
612,#送夕陽#非吃不可#看海景#親子共遊
613,#賞花
614,#無障礙#生態體驗#觀景平台
615,#逛老街#漫遊客庄#單車漫遊
616,#無障礙#夏天戲水#非吃不可#打卡熱點
617,#無障礙#打卡熱點#單車漫遊
618,#親子共遊
619,#非吃不可#非吃不可#看海景
620,#浪漫約會#賞夜景#打卡熱點
621,#無障礙#生態體驗#親子共遊
622,#鐵道旅遊
623,#逛老街
624,#無障礙#鐵道旅遊
625,#打卡熱點#浪漫約會
626,#送夕陽#生態體驗
627,#打卡熱點#生態體驗#親子共遊
628,#親子共遊
629,#無障礙#部落旅遊
630,#泡溫泉
631,#無障礙#生態體驗
632,#生態體驗#觀景平台
633,#古蹟巡禮
634,#單車漫遊#賞花#親子共遊
635,#送夕陽#浪漫約會
636,#無障礙#非吃不可
637,#無障礙#單車漫遊#古蹟巡禮
638,#看展覽
639,#無障礙#寺廟祈福
640,#無障礙#生態體驗#單車漫遊
641,#無障礙#古蹟巡禮
642,#無障礙#打卡熱點
643,#無障礙#寺廟祈福
644,#生態體驗#登山步道#賞花
645,#無障礙
646,#鐵道旅遊
647,#無障礙#古蹟巡禮#寺廟祈福
648,#無障礙#生態體驗
649,#無障礙#生態體驗
650,#無障礙#地質奇觀
651,#無障礙#生態體驗
652,#無障礙#親子共遊
653,#無障礙
654,#無障礙#打卡熱點
655,#無障礙#生態體驗#親子共遊
656,#無障礙#浪漫約會
657,#無障礙#親子共遊#單車漫遊
658,#無障礙#寺廟祈福
659,#無障礙#夏天戲水
660,#無障礙#單車漫遊#生態體驗#賞花#親子共遊
661,#無障礙
662,#無障礙#親子共遊
663,#無障礙#親子共遊
664,#無障礙#生態體驗
665,#無障礙#單車漫遊
666,#無障礙#博物館#親子共遊
667,#無障礙#逛老街
668,#無障礙#生態體驗#親子共遊#鐵道旅遊
669,#無障礙#博物館#親子共遊
670,#無障礙#親子共遊
671,#無障礙#賞花#浪漫約會#親子共遊
672,#無障礙#打卡熱點
673,#無障礙#夏天戲水#打卡熱點
674,#無障礙#地質奇觀
675,#無障礙#賞花
676,#無障礙#親子共遊
677,#無障礙#親子共遊
678,#無障礙#親子共遊
679,#無障礙#看展覽
680,#無障礙#寺廟祈福
681,#無障礙
682,#無障礙#部落旅遊#親子共遊
683,#無障礙#地質奇觀#夏天戲水#迎曙光
684,#親子共遊#打卡熱點
685,#無障礙#送夕陽#夏天戲水
686,#無障礙#看展覽#地質奇觀
687,#無障礙#逛老街#古蹟巡禮
688,#無障礙#生態體驗
689,#無障礙#部落旅遊
690,#無障礙#親子共遊#看展覽
691,#無障礙#親子共遊
692,#無障礙
693,#無障礙#部落旅遊
694,#無障礙
695,#無障礙#部落旅遊
696,#無障礙#戰地文化
697,#無障礙#戰地文化
698,#無障礙#部落旅遊
699,#親子共遊
700,#親子共遊
701,#博物館
702,#逛老街
703,#親子共遊
704,#博物館#親子共遊
705,#古蹟巡禮
706,#博物館
707,#無障礙#漫遊客庄#看展覽#親子共遊
708,#無障礙#親子共遊
709,#無障礙#生態體驗#打卡熱點
710,#無障礙#漫遊客庄
711,#無障礙#看展覽#漫遊客庄
712,#無障礙#生態體驗
713,#無障礙#看展覽#博物館
714,#無障礙#漫遊客庄#看展覽
715,#無障礙#漫遊客庄
716,#無障礙#登山步道#生態體驗
717,#無障礙#單車漫遊
718,#無障礙#漫遊客庄#寺廟祈福
