index,hash_tag
0,#逛老街#賞夜景#非吃不可
1,#逛老街#非吃不可
2,#打卡熱點#非吃不可#逛夜市
3,#地質奇觀#打卡熱點#拍婚紗#無障礙
4,#網美必拍#夏天戲水#單車漫遊#逛老街
5,#賞花#登山步道#泡溫泉#國家公園
6,#泡溫泉#逛老街
7,#浪漫約會#送夕陽#親子共遊#夏天戲水
8,#看展覽#博物館#親子共遊
9,#寺廟祈福#打卡熱點#古蹟巡禮
10,#打卡熱點#單車漫遊
11,#非吃不可#逛夜市
12,#打卡熱點#送夕陽#浪漫約會
13,#地質奇觀#觀景平台
14,#無障礙#拍婚紗#單車漫遊#觀景平台#國家風景區
15,#逛老街
16,#古蹟巡禮#打卡熱點
17,#單車漫遊#親子共遊#浪漫約會#賞夜景
18,#泡溫泉#親子共遊
19,#非吃不可#逛夜市
20,#逛老街#泡溫泉#單車漫遊
21,#逛夜市#非吃不可#親子共遊
22,#逛老街#無障礙
23,#水上活動#夏天戲水#無障礙#迎曙光
24,#無障礙#單車漫遊#國家風景區
25,#打卡熱點#賞夜景
26,#地質奇觀#夏天戲水#國家公園
27,#登山步道#國家公園
28,#觀景平台
29,#古蹟巡禮
30,#古蹟巡禮#親子共遊#看展覽
31,#無障礙#單車漫遊#夏天戲水#海灣旅遊#國家風景區
32,#無障礙
33,#打卡熱點#逛老街#非吃不可
34,#親子共遊
35,#地質奇觀#親子共遊#夏天戲水#無障礙
36,#浪漫約會#藝術
37,#打卡熱點#古蹟巡禮
38,#森林步道#打卡熱點
39,#逛老街#古蹟巡禮#非吃不可
40,#非吃不可#逛夜市
41,#賞花#迎曙光#森林步道#無障礙
42,#泡溫泉
43,#逛老街
44,#觀景平台#打卡熱點
45,#打卡熱點#古蹟巡禮
46,#打卡熱點
47,#打卡熱點
48,#打卡熱點
49,#打卡熱點
50,#打卡熱點#夏天戲水#單車漫遊#地質奇觀
51,#逛老街
52,#森林步道#賞花
53,#夏天戲水#單車漫遊#無障礙#國家風景區
54,#地質奇觀#觀景平台
55,#逛老街#博物館
56,#泡溫泉
57,#親子共遊
58,#古蹟巡禮#拍婚紗#親子共遊
59,#賞花#單車漫遊#登山步道
60,#賞花#打卡熱點#登山步道
61,#送夕陽#浪漫約會
62,#登山步道#國家公園
63,#地質奇觀#夏天戲水#拍婚紗#國家風景區
64,#打卡熱點#賞花
65,#打卡熱點#古蹟巡禮
66,#森林步道#泡溫泉
67,#古蹟巡禮#送夕陽
68,#賞花#網美必拍#單車漫遊
69,#博物館#藝術
70,#森林步道#賞花
71,#寺廟祈福
72,#親子共遊
73,#泡溫泉
74,#單車漫遊#浪漫約會#打卡熱點#親子共遊
75,#浪漫約會#單車漫遊#親子共遊#地質奇觀
76,#古蹟巡禮
77,#無障礙#泡溫泉
78,#古蹟巡禮
79,#無障礙#單車漫遊#親子共遊
80,#賞花#迎曙光#無障礙#森林步道#國家風景區
81,#賞花#親子共遊
82,#寺廟祈福
83,#觀景平台#登山步道
84,#地質奇觀
85,#打卡熱點#非吃不可#親子共遊
86,#吃海鮮#看海景#親子共遊
87,#泡溫泉
88,#泡溫泉
89,#登山步道#觀景平台
90,#夏天戲水#親子共遊
91,#森林步道#迎曙光#賞花
92,#打卡熱點#網美必拍#單車漫遊#親子共遊
93,#賞夜景#寺廟祈福#親子共遊
94,#地質奇觀
95,#古蹟巡禮#寺廟祈福
96,#看海景#打卡熱點#吃海鮮
97,#無障礙
98,#寺廟祈福#登山步道
99,#泡溫泉
100,#水上活動#夏天戲水#無障礙#海灣旅遊#親子共遊
101,#單車漫遊#打卡熱點#浪漫約會
102,#賞花#單車漫遊#國家風景區
103,#單車漫遊#賞夜景#浪漫約會
104,#觀景平台#賞夜景#打卡熱點
105,#森林步道#觀景平台#親子共遊
106,#打卡熱點#水上活動#泡溫泉
107,#無障礙#浪漫約會#國家風景區
108,#親子共遊
109,#寺廟祈福
110,#賞夜景#地質奇觀
111,#親子共遊
112,#親子共遊
113,#親子共遊
114,#打卡熱點#看海景
115,#打卡熱點#親子共遊
116,#看海景#打卡熱點
117,#無障礙#地質奇觀#觀景平台
118,#無障礙#迎曙光#打卡熱點
119,#逛老街#非吃不可
120,#古蹟巡禮
121,#打卡熱點
122,#打卡熱點
123,#泡溫泉#親子共遊
124,#賞花#浪漫約會#親子共遊
125,#地質奇觀#登山步道
126,#藝術#打卡熱點
127,#逛老街#賞花#漫遊客庄
128,#親子共遊
129,
130,#博物館#看展覽
131,#博物館#看展覽#打卡熱點#網美必拍
132,#登山步道#夏天戲水
133,#打卡熱點
134,#打卡熱點
135,
136,#古蹟巡禮
137,
138,#古蹟巡禮#看展覽
139,#登山步道#迎曙光#賞花
140,#浪漫約會#親子共遊#賞夜景
141,#打卡熱點#逛夜市#非吃不可
142,#親子共遊#博物館
143,#單車漫遊#逛老街#登山步道
144,
145,#親子共遊#夏天戲水#無障礙
146,#地質奇觀#登山步道#觀景平台
147,#藝術#網美必拍
148,#夏天戲水#親子共遊#無障礙
149,#地質奇觀#賞夜景#送夕陽
150,#泡溫泉#親子共遊#無障礙
151,#寺廟祈福
152,#親子共遊#夏天戲水#海灣旅遊
153,#地質奇觀#森林步道
154,#無障礙
155,#寺廟祈福#打卡熱點#親子共遊
156,#博物館#親子共遊#夏天戲水
157,#古蹟巡禮
158,#打卡熱點
159,#打卡熱點
160,#看海景#看展覽#親子共遊
161,#賞花#觀景平台
162,#博物館#看展覽
163,#打卡熱點#地質奇觀#網美必拍#觀景平台
164,#寺廟祈福
165,#逛老街#單車漫遊#送夕陽
166,#逛夜市
167,#浪漫約會
168,#賞花#藝術
169,#登山步道#地質奇觀#賞花
170,#賞花
171,#打卡熱點
172,#打卡熱點
173,#賞夜景
174,#泡溫泉
175,#打卡熱點
176,#打卡熱點
177,#登山步道#觀景平台#泡溫泉
178,#打卡熱點#古蹟巡禮
179,#寺廟祈福
180,#寺廟祈福
181,#親子共遊#夏天戲水#海灣旅遊#無障礙
182,#海灣旅遊
183,#漫遊客庄
184,
185,#無障礙#古蹟巡禮
186,#親子共遊#夏天戲水
187,#登山步道
188,
189,
190,#打卡熱點#古蹟巡禮
191,#打卡熱點#地質奇觀
192,#無障礙#打卡熱點#單車漫遊
193,
194,#無障礙#古蹟巡禮
195,#打卡熱點
196,#打卡熱點
197,#親子共遊
198,#博物館#看展覽#親子共遊
199,#登山步道
200,#古蹟巡禮
201,#森林步道#親子共遊
202,
203,#親子共遊
204,#泡溫泉
205,#單車漫遊#水上活動
206,#無障礙#藝術
207,#登山步道#觀景平台#賞花
208,#逛老街#非吃不可
209,#親子共遊#夏天戲水#觀景平台
210,#打卡熱點#藝術
211,#寺廟祈福#打卡熱點
212,#森林步道
213,#博物館#藝術
214,#地質奇觀
215,#賞花
216,#海灣旅遊#夏天戲水#打卡熱點
217,#看展覽#打卡熱點#親子共遊
218,#古蹟巡禮#看展覽#拍婚紗
219,#賞夜景
220,#親子共遊
221,#泡溫泉#無障礙
222,
223,#地質奇觀
224,#文青必訪#古蹟巡禮#打卡熱點
225,#單車漫遊#親子共遊
226,#親子共遊
227,#地質奇觀
228,#賞花#親子共遊
229,#森林步道
230,#泡溫泉
231,#泡溫泉#親子共遊#古蹟巡禮
232,#看展覽#博物館#藝術#親子共遊
233,#親子共遊
234,#親子共遊
235,#無障礙#親子共遊#單車漫遊
236,#寺廟祈福#古蹟巡禮
237,#地質奇觀#打卡熱點#海灣旅遊
238,#逛老街#古蹟巡禮#打卡熱點
239,#泡溫泉#迎曙光
240,#寺廟祈福#古蹟巡禮
241,#無障礙#地質奇觀
242,#賞花#送夕陽#觀景平台
243,#親子共遊#打卡熱點#夏天戲水
244,#森林步道#泡溫泉
245,#古蹟巡禮#寺廟祈福
246,#寺廟祈福
247,#地質奇觀#賞花#夏天戲水#泡溫泉#國家風景區
248,#博物館#看展覽
249,#親子共遊
250,#賞花#森林步道
251,#博物館#看展覽
252,#藝術#親子共遊#看展覽
253,#博物館#打卡熱點#網美必拍#看展覽
254,#泡溫泉#森林步道
255,#古蹟巡禮
256,#地質奇觀
257,#地質奇觀#觀景平台#送夕陽
258,#登山步道#賞花#迎曙光
259,#古蹟巡禮#逛老街#寺廟祈福
260,#打卡熱點#看海景#燈塔
261,#單車漫遊#賞花
262,#寺廟祈福
263,#森林步道
264,#地質奇觀#打卡熱點
265,#無障礙#寺廟祈福
266,#地質奇觀
267,#送夕陽
268,#逛夜市#非吃不可
269,#古蹟巡禮#寺廟祈福
270,#無障礙#親子共遊#送夕陽
271,#登山步道#賞花#無障礙
272,#藝術#網美必拍
273,#水上活動#夏天戲水#海灣旅遊
274,#漫遊客庄#賞花#古蹟巡禮
275,#博物館#親子共遊#看展覽
276,#賞花#親子共遊#網美必拍
277,#送夕陽#網美必拍
278,#網美必拍#親子共遊
279,#看展覽#親子共遊
280,#古蹟巡禮#國家公園
281,#泡溫泉
282,#無障礙#國家公園
283,#單車漫遊#古蹟巡禮
284,#登山步道#國家公園
285,#古蹟巡禮
286,#泡溫泉
287,#逛夜市#非吃不可
288,#古蹟巡禮
289,#藝術
290,#親子共遊#賞花#網美必拍#拍婚紗
291,#寺廟祈福
292,#夏天戲水
293,#寺廟祈福
294,#文青必訪#古蹟巡禮
295,#打卡熱點#藝術#看展覽#無障礙
296,#親子共遊
297,#泡溫泉
298,#親子共遊#單車漫遊
299,#親子共遊#賞花
300,#逛夜市#非吃不可
301,#地質奇觀#觀景平台
302,#打卡熱點#登山步道
303,#無障礙#賞夜景#打卡熱點
304,#登山步道#夏天戲水#親子共遊
305,#單車漫遊#送夕陽
306,#看海景#吃海鮮
307,#博物館
308,#單車漫遊
309,#博物館
310,#寺廟祈福
311,
312,#古蹟巡禮#寺廟祈福
313,#寺廟祈福
314,#古蹟巡禮#親子共遊
315,#無障礙#打卡熱點
316,#古蹟巡禮#逛老街#非吃不可#浪漫約會
317,#親子共遊#夏天戲水#單車漫遊
318,#古蹟巡禮
319,#無障礙
320,#泡溫泉
321,#文青必訪#打卡熱點
322,#登山步道#觀景平台
323,#泡溫泉#森林步道
324,#登山步道#國家公園#無障礙
325,
326,#賞花
327,#網美必拍#單車漫遊#送夕陽
328,#寺廟祈福
329,#地質奇觀#登山步道
330,#地質奇觀
331,#古蹟巡禮#寺廟祈福
332,#夏天戲水#親子共遊
333,#親子共遊
334,#古蹟巡禮
335,
336,#拍婚紗#親子共遊#網美必拍#國家風景區
337,#觀景平台#地質奇觀
338,#親子共遊#浪漫約會
339,#登山步道#打卡熱點#看展覽
340,#登山步道#迎曙光
341,#吃海鮮#看海景#親子共遊
342,#博物館#藝術
343,#古蹟巡禮#燈塔
344,#登山步道#賞花#國家風景區
345,#賞花#送夕陽
346,#寺廟祈福
347,#無障礙#登山步道#觀景平台
348,#水上活動#藝術
349,#無障礙
350,#親子共遊#送夕陽#吃海鮮
351,#賞花#森林步道#親子共遊
352,#古蹟巡禮#寺廟祈福
353,#單車漫遊#博物館#藝術
354,
355,#藝術#親子共遊
356,#登山步道
357,#古蹟巡禮
358,#單車漫遊#網美必拍
359,#無障礙#博物館#親子共遊
360,#親子共遊
361,#親子共遊
362,#觀景平台
363,#寺廟祈福
364,#打卡熱點#登山步道#賞花#觀景平台
365,
366,#古蹟巡禮
367,#博物館#親子共遊#看展覽
368,#無障礙#賞花#漫遊客庄
369,#單車漫遊#親子共遊
370,#寺廟祈福#古蹟巡禮
371,#地質奇觀#賞花#夏天戲水#泡溫泉
372,
373,#泡溫泉
374,#單車漫遊
375,#藝術#看展覽#打卡熱點
376,#拍婚紗#打卡熱點#觀景平台
377,#古蹟巡禮
378,#古蹟巡禮
379,#無障礙
380,
381,#無障礙#親子共遊
382,#古蹟巡禮
383,#寺廟祈福#古蹟巡禮
384,#親子共遊#賞花
385,#看展覽
386,#水上活動
387,
388,#夏天戲水
389,#打卡熱點
390,#打卡熱點
391,#古蹟巡禮#拍婚紗
392,#親子共遊#夏天戲水
393,#賞花#網美必拍
394,#博物館#看展覽
395,#文青必訪#藝術#看展覽
396,
397,#地質奇觀
398,#古蹟巡禮#單車漫遊#送夕陽
399,#賞夜景#浪漫約會#登山步道
400,#古蹟巡禮#看展覽
401,#地質奇觀#觀景平台
402,#泡溫泉#登山步道
403,#看展覽#打卡熱點
404,#非吃不可
405,#寺廟祈福
406,#看展覽
407,#海灣旅遊#無障礙#夏天戲水#國家風景區
408,#登山步道
409,
410,#登山步道
411,#登山步道
412,#逛夜市#非吃不可
413,#寺廟祈福
414,#古蹟巡禮
415,#親子共遊
416,#夏天戲水
417,#賞夜景#浪漫約會#登山步道
418,#無障礙#寺廟祈福#觀景平台
419,#親子共遊
420,#無障礙
421,#寺廟祈福
422,#藝術#看展覽#親子共遊
423,#古蹟巡禮#單車漫遊
424,#親子共遊#看展覽
425,#地質奇觀#賞花#打卡熱點
426,#水上活動#單車漫遊
427,#燈塔
428,#古蹟巡禮
429,#吃海鮮#看海景
430,#親子共遊#夏天戲水
431,#親子共遊
432,#古蹟巡禮
433,#夏天戲水#親子共遊#森林步道#賞花
434,#登山步道#親子共遊
435,#親子共遊
436,#國家風景區
437,#親子共遊#打卡熱點
438,
439,#親子共遊
440,#登山步道
441,
442,
443,#古蹟巡禮
444,#親子共遊
445,#藝術#看展覽#親子共遊
446,#看展覽
447,#親子共遊
448,#地質奇觀#觀景平台
449,
450,#登山步道
451,#浪漫約會
452,#地質奇觀#觀景平台
453,#登山步道#賞花#漫遊客庄
454,#親子共遊
455,
456,#打卡熱點
457,#燈塔
458,#地質奇觀#泡溫泉
459,#拍婚紗
460,#打卡熱點
461,#打卡熱點
462,#看展覽#藝術
463,#觀景平台#登山步道
464,#寺廟祈福
465,#泡溫泉#親子共遊
466,#無障礙
467,#親子共遊
468,#地質奇觀
469,#藝術
470,#賞花#單車漫遊
471,#賞夜景#燈塔#打卡熱點
472,#看展覽
473,#水上活動#親子共遊
474,#看展覽#文青必訪
475,#登山步道#賞花
476,#單車漫遊
477,#逛老街
478,#無障礙#親子共遊
479,#博物館#古蹟巡禮#親子共遊#夏天戲水
480,#觀景平台#無障礙
481,#燈塔
482,#地質奇觀
483,
484,#博物館
485,#森林步道#親子共遊
486,#博物館#看展覽
487,#打卡熱點#看海景#燈塔
488,#逛夜市#非吃不可
489,#地質奇觀
490,#單車漫遊#親子共遊#夏天戲水#觀景平台
491,#古蹟巡禮#寺廟祈福
492,#古蹟巡禮
493,#泡溫泉
494,#送夕陽
495,#親子共遊
496,#無障礙#單車漫遊
497,#單車漫遊#親子共遊#夏天戲水
498,
499,
500,#無障礙
501,#古蹟巡禮
502,#博物館#看展覽
503,#藝術#看展覽#親子共遊
504,#打卡熱點#網美必拍#拍婚紗#燈塔
505,#無障礙#登山步道
506,#古蹟巡禮
507,#看展覽#親子共遊
508,
509,#親子共遊#森林步道
510,#寺廟祈福#賞夜景
511,#古蹟巡禮
512,#寺廟祈福#古蹟巡禮
513,#寺廟祈福
514,#送夕陽#看海景#燈塔
515,
516,#地質奇觀#網美必拍
517,#地質奇觀
518,#燈塔
519,#單車漫遊
520,
521,#登山步道#親子共遊
522,#博物館#看展覽#藝術
523,#泡溫泉
524,#觀景平台#登山步道
525,#寺廟祈福#登山步道#單車漫遊
526,#登山步道
527,#燈塔#看海景
528,#燈塔
529,#文青必訪#親子共遊#看展覽#打卡熱點
530,#博物館#看展覽#親子共遊
531,#藝術#看展覽#親子共遊
532,#逛老街
533,#古蹟巡禮#看展覽
534,#古蹟巡禮
535,#古蹟巡禮#寺廟祈福
536,#寺廟祈福#親子共遊
537,#登山步道#古蹟巡禮
538,#親子共遊
539,#地質奇觀
540,#森林步道
541,#燈塔
542,#夏天戲水#親子共遊
543,#登山步道
544,#博物館#親子共遊
545,#寺廟祈福
546,#古蹟巡禮#夏天戲水#送夕陽
547,#博物館
548,#打卡熱點#藝術#看展覽#文青必訪
549,#地質奇觀
550,
551,#藝術
552,#看展覽#藝術
553,#寺廟祈福
554,#地質奇觀
555,#親子共遊#博物館#看展覽#無障礙
556,#寺廟祈福
557,#古蹟巡禮
558,#單車漫遊
559,#看展覽#博物館#藝術
560,#登山步道#觀景平台
561,#燈塔
562,#親子共遊#登山步道
563,#藝術#打卡熱點
564,#寺廟祈福#登山步道
565,#博物館
566,#寺廟祈福
567,#打卡熱點
568,#打卡熱點
569,
570,#古蹟巡禮#登山步道#親子共遊
571,#藝術#賞花
572,#漫遊客庄
573,#燈塔
574,#無障礙#古蹟巡禮#打卡熱點#燈塔
575,#古蹟巡禮
576,#寺廟祈福#古蹟巡禮
577,#燈塔
578,#藝術#看展覽
579,#看展覽#打卡熱點#親子共遊
580,#燈塔
581,#無障礙#寺廟祈福
582,#燈塔
583,#燈塔
584,#燈塔
585,#夏天戲水#水上活動#親子共遊
586,#逛老街
587,#古蹟巡禮
588,#看展覽#親子共遊
589,#燈塔
590,#燈塔
591,#地質奇觀
592,#地質奇觀#夏天戲水#拍婚紗
593,#燈塔
594,#古蹟巡禮#寺廟祈福
595,#逛老街
596,#親子共遊
597,#博物館#親子共遊
598,#網美必拍#打卡熱點#親子共遊
599,#燈塔
600,#燈塔
601,
602,#藝術
603,#看展覽#打卡熱點#文青必訪
604,#燈塔
605,#古蹟巡禮
606,#燈塔
607,#燈塔
608,#燈塔
609,#燈塔
610,#燈塔
611,#燈塔
612,#逛老街#非吃不可
613,#博物館
614,#打卡熱點
615,#無障礙#逛老街#古蹟巡禮
616,#古蹟巡禮#賞花#看展覽
617,#無障礙#網美必拍#單車漫遊
618,
619,#親子共遊
620,#親子共遊
621,#逛老街#非吃不可
622,#地質奇觀#打卡熱點
623,#地質奇觀#打卡熱點#拍婚紗
624,#登山步道
625,#逛老街#漫遊客庄#非吃不可
626,#打卡熱點#網美必拍
627,#送夕陽#賞夜景#打卡熱點
628,#看展覽#打卡熱點#博物館#無障礙
629,#逛老街
630,#文青必訪#看展覽#打卡熱點#拍婚紗
631,#打卡熱點#看展覽#藝術
632,#打卡熱點
633,#送夕陽#吃海鮮#看海景
634,#古蹟巡禮#看展覽
635,#無障礙#親子共遊#單車漫遊
636,#泡溫泉
637,#無障礙#賞花#單車漫遊
638,#賞夜景#單車漫遊#觀景平台#吃海鮮
639,#無障礙#夏天戲水#親子共遊#送夕陽
640,#非吃不可#打卡熱點
641,#文青必訪#寺廟祈福
642,#漫遊客庄
643,#無障礙#拍婚紗#打卡熱點#浪漫約會
644,#文青必訪#古蹟巡禮
645,#親子共遊#賞夜景#吃海鮮
646,#逛老街#漫遊客庄
647,#送夕陽#吃海鮮#看海景#親子共遊
648,#賞花
649,#無障礙#觀景平台
650,#逛老街#漫遊客庄#單車漫遊
651,#無障礙#夏天戲水#吃海鮮#網美必拍
652,#無障礙#打卡熱點#網美必拍#單車漫遊
653,#親子共遊
654,#非吃不可#吃海鮮#看海景
655,#浪漫約會#賞夜景#打卡熱點
656,#文青必訪#網美必拍#藝術#看展覽
657,#無障礙#親子共遊
658,
659,#逛老街
660,#無障礙
661,#打卡熱點#浪漫約會
662,#送夕陽
663,#打卡熱點#親子共遊
664,#親子共遊
665,#無障礙
666,#泡溫泉
667,#無障礙
668,#文青必訪
669,#觀景平台
670,#古蹟巡禮
671,#單車漫遊#賞花#親子共遊
672,#送夕陽#浪漫約會
673,#無障礙#吃海鮮
674,#無障礙#網美必拍
675,#無障礙#文青必訪
676,#無障礙#單車漫遊#古蹟巡禮
677,#看展覽
678,#無障礙#寺廟祈福
679,#無障礙#文青必訪#打卡熱點
680,#無障礙#單車漫遊
681,#無障礙#古蹟巡禮
682,#無障礙#打卡熱點
683,#無障礙#寺廟祈福
684,#登山步道#賞花
685,#無障礙
686,
687,#無障礙#古蹟巡禮#寺廟祈福
688,#無障礙#拍婚紗#網美必拍
689,#無障礙
690,#無障礙
691,#無障礙#地質奇觀
692,#無障礙#浪漫約會#拍婚紗#網美必拍
693,#無障礙
694,#無障礙#網美必拍#藝術
695,#無障礙#親子共遊
696,#無障礙
697,#無障礙#打卡熱點
698,#無障礙#親子共遊
699,#無障礙#浪漫約會
700,#無障礙#親子共遊#單車漫遊
701,#無障礙#寺廟祈福
702,#無障礙#水上活動
703,#無障礙#單車漫遊#賞花#親子共遊
704,#無障礙
705,#無障礙#親子共遊
706,#無障礙#親子共遊
707,#無障礙
708,#無障礙#單車漫遊
709,#無障礙#博物館#親子共遊
710,#無障礙#逛老街
711,#無障礙#親子共遊
712,#無障礙#文青必訪
713,#無障礙#博物館#親子共遊
714,#無障礙#親子共遊
715,#無障礙#賞花#浪漫約會#親子共遊
716,#無障礙#打卡熱點
717,#無障礙#文青必訪#古蹟巡禮
718,#無障礙#水上活動#夏天戲水#網美必拍
719,#無障礙#地質奇觀
720,#無障礙#賞花
721,#無障礙#親子共遊
722,#無障礙#親子共遊
723,#無障礙#親子共遊
724,#無障礙#看展覽
725,#無障礙#寺廟祈福
726,#無障礙
727,#無障礙#親子共遊
728,#無障礙#地質奇觀#夏天戲水#迎曙光
729,#親子共遊#打卡熱點
730,#無障礙#送夕陽#夏天戲水
731,#無障礙#看展覽#地質奇觀
732,#無障礙#逛老街#古蹟巡禮
733,#無障礙
734,#無障礙
735,#無障礙#親子共遊#藝術
736,#無障礙#親子共遊
737,#無障礙
738,#無障礙
739,#無障礙
740,#無障礙
741,#無障礙
742,#無障礙
743,#無障礙
744,#網美必拍#燈塔
745,#親子共遊
746,#親子共遊
747,#博物館
748,#逛老街
749,#親子共遊
750,#博物館#親子共遊
751,#古蹟巡禮
752,#博物館
753,#無障礙#網美必拍
754,#無障礙#漫遊客庄#看展覽#親子共遊
755,#無障礙#親子共遊
756,#無障礙#打卡熱點
757,#無障礙#漫遊客庄
758,#無障礙#看展覽#漫遊客庄
759,#無障礙
760,#無障礙#看展覽#博物館
761,#無障礙#漫遊客庄#看展覽
762,#無障礙#漫遊客庄
763,#無障礙#登山步道
764,#無障礙#單車漫遊
765,#無障礙#漫遊客庄#寺廟祈福
